sample,batch
GSE80417_9704031032_R02C01,GSE80417
GSE80417_9704031032_R06C01,GSE80417
GSE80417_9721367113_R05C01,GSE80417
GSE80417_9721367113_R06C01,GSE80417
GSE80417_9721367113_R06C02,GSE80417
GSE80417_9741779020_R01C01,GSE80417
GSE80417_9741779020_R01C02,GSE80417
GSE80417_9741779020_R02C01,GSE80417
GSE80417_9741779020_R02C02,GSE80417
GSE80417_9741779020_R03C02,GSE80417
GSE80417_9741779020_R04C01,GSE80417
GSE80417_9741779020_R04C02,GSE80417
GSE80417_9741779020_R05C01,GSE80417
GSE80417_9741779020_R05C02,GSE80417
GSE80417_9741779020_R06C02,GSE80417
GSE80417_9741779024_R01C01,GSE80417
GSE80417_9741779024_R01C02,GSE80417
GSE80417_9741779024_R02C01,GSE80417
GSE80417_9741779024_R02C02,GSE80417
GSE80417_9741779024_R03C02,GSE80417
GSE80417_9741779024_R04C01,GSE80417
GSE80417_9741779024_R04C02,GSE80417
GSE80417_9741779024_R05C01,GSE80417
GSE80417_9741779024_R05C02,GSE80417
GSE80417_9741779055_R01C02,GSE80417
GSE80417_9741779055_R02C01,GSE80417
GSE80417_9741779055_R02C02,GSE80417
GSE80417_9741779055_R03C01,GSE80417
GSE80417_9741779055_R03C02,GSE80417
GSE80417_9741779055_R04C01,GSE80417
GSE80417_9741779055_R04C02,GSE80417
GSE80417_9741779055_R05C01,GSE80417
GSE80417_9741779055_R05C02,GSE80417
GSE80417_9741779055_R06C01,GSE80417
GSE80417_9741779055_R06C02,GSE80417
GSE80417_9741950169_R01C01,GSE80417
GSE80417_9741950169_R01C02,GSE80417
GSE80417_9741950169_R02C01,GSE80417
GSE80417_9741950169_R03C01,GSE80417
GSE80417_9741950169_R03C02,GSE80417
GSE80417_9741950169_R05C02,GSE80417
GSE80417_9741950169_R06C01,GSE80417
GSE80417_9741950169_R06C02,GSE80417
GSE80417_9769100109_R01C01,GSE80417
GSE80417_9769100109_R01C02,GSE80417
GSE80417_9769100109_R02C01,GSE80417
GSE80417_9769100109_R02C02,GSE80417
GSE80417_9769100109_R03C02,GSE80417
GSE80417_9769100109_R04C02,GSE80417
GSE80417_9769100109_R05C01,GSE80417
GSE80417_9769100109_R05C02,GSE80417
GSE80417_9769100109_R06C01,GSE80417
GSE80417_9769100109_R06C02,GSE80417
GSE80417_9806233007_R01C01,GSE80417
GSE80417_9806233007_R01C02,GSE80417
GSE80417_9806233007_R02C01,GSE80417
GSE80417_9806233007_R02C02,GSE80417
GSE80417_9806233007_R03C01,GSE80417
GSE80417_9806233007_R03C02,GSE80417
GSE80417_9806233007_R04C01,GSE80417
GSE80417_9806233007_R04C02,GSE80417
GSE80417_9806233007_R05C01,GSE80417
GSE80417_9806233007_R05C02,GSE80417
GSE80417_9806233007_R06C01,GSE80417
GSE80417_9806233007_R06C02,GSE80417
GSE80417_9806233017_R01C01,GSE80417
GSE80417_9806233017_R02C02,GSE80417
GSE80417_9806233017_R03C01,GSE80417
GSE80417_9806233017_R03C02,GSE80417
GSE80417_9806233017_R04C01,GSE80417
GSE80417_9806233017_R04C02,GSE80417
GSE80417_9806233017_R05C02,GSE80417
GSE80417_9806233017_R06C01,GSE80417
GSE80417_9806233018_R01C01,GSE80417
GSE80417_9806233018_R02C01,GSE80417
GSE80417_9806233018_R02C02,GSE80417
GSE80417_9806233018_R03C01,GSE80417
GSE80417_9806233018_R03C02,GSE80417
GSE80417_9806233018_R04C01,GSE80417
GSE80417_9806233018_R04C02,GSE80417
GSE80417_9806233018_R05C01,GSE80417
GSE80417_9806233018_R05C02,GSE80417
GSE80417_9806233018_R06C01,GSE80417
GSE80417_9806233018_R06C02,GSE80417
GSE80417_9806233024_R01C01,GSE80417
GSE80417_9806233024_R01C02,GSE80417
GSE80417_9806233024_R02C01,GSE80417
GSE80417_9806233024_R02C02,GSE80417
GSE80417_9806233024_R03C02,GSE80417
GSE80417_9806233024_R04C01,GSE80417
GSE80417_9806233024_R04C02,GSE80417
GSE80417_9806233024_R05C01,GSE80417
GSE80417_9806233024_R06C01,GSE80417
GSE80417_9806233024_R06C02,GSE80417
GSE80417_9806233034_R01C01,GSE80417
GSE80417_9806233034_R01C02,GSE80417
GSE80417_9806233034_R02C02,GSE80417
GSE80417_9806233034_R03C01,GSE80417
GSE80417_9806233034_R03C02,GSE80417
GSE80417_9806233034_R04C01,GSE80417
GSE80417_9806233034_R04C02,GSE80417
GSE80417_9806233034_R05C01,GSE80417
GSE80417_9806233034_R06C01,GSE80417
GSE80417_9806233034_R06C02,GSE80417
GSE80417_9806233036_R01C01,GSE80417
GSE80417_9806233036_R01C02,GSE80417
GSE80417_9806233036_R02C01,GSE80417
GSE80417_9806233036_R02C02,GSE80417
GSE80417_9806233036_R03C01,GSE80417
GSE80417_9806233036_R03C02,GSE80417
GSE80417_9806233036_R04C01,GSE80417
GSE80417_9806233036_R04C02,GSE80417
GSE80417_9806233036_R05C01,GSE80417
GSE80417_9806233036_R05C02,GSE80417
GSE80417_9806233036_R06C01,GSE80417
GSE80417_9806233036_R06C02,GSE80417
GSE80417_9806233066_R01C01,GSE80417
GSE80417_9806233066_R01C02,GSE80417
GSE80417_9806233066_R02C02,GSE80417
GSE80417_9806233066_R03C01,GSE80417
GSE80417_9806233066_R04C02,GSE80417
GSE80417_9806233066_R05C01,GSE80417
GSE80417_9806233066_R05C02,GSE80417
GSE80417_9806233066_R06C01,GSE80417
GSE80417_9806233066_R06C02,GSE80417
GSE80417_9806233073_R01C01,GSE80417
GSE80417_9806233073_R01C02,GSE80417
GSE80417_9806233073_R02C01,GSE80417
GSE80417_9806233073_R02C02,GSE80417
GSE80417_9806233073_R03C01,GSE80417
GSE80417_9806233073_R03C02,GSE80417
GSE80417_9806233073_R04C01,GSE80417
GSE80417_9806233073_R04C02,GSE80417
GSE80417_9806233073_R05C01,GSE80417
GSE80417_9806233073_R05C02,GSE80417
GSE80417_9806233073_R06C01,GSE80417
GSE80417_9806233078_R01C01,GSE80417
GSE80417_9806233078_R01C02,GSE80417
GSE80417_9806233078_R02C01,GSE80417
GSE80417_9806233078_R03C01,GSE80417
GSE80417_9806233078_R03C02,GSE80417
GSE80417_9806233078_R04C01,GSE80417
GSE80417_9806233078_R05C01,GSE80417
GSE80417_9806233078_R06C01,GSE80417
GSE80417_9806233080_R01C01,GSE80417
GSE80417_9806233080_R01C02,GSE80417
GSE80417_9806233080_R02C02,GSE80417
GSE80417_9806233080_R03C01,GSE80417
GSE80417_9806233080_R03C02,GSE80417
GSE80417_9806233080_R04C01,GSE80417
GSE80417_9806233080_R04C02,GSE80417
GSE80417_9806233080_R05C01,GSE80417
GSE80417_9806233080_R05C02,GSE80417
GSE80417_9806233080_R06C01,GSE80417
GSE80417_9806233080_R06C02,GSE80417
GSE80417_9828653007_R01C01,GSE80417
GSE80417_9828653007_R01C02,GSE80417
GSE80417_9828653007_R02C01,GSE80417
GSE80417_9828653007_R03C02,GSE80417
GSE80417_9828653007_R04C01,GSE80417
GSE80417_9828653007_R04C02,GSE80417
GSE80417_9828653007_R05C02,GSE80417
GSE80417_9828653007_R06C01,GSE80417
GSE80417_9828653008_R02C02,GSE80417
GSE80417_9828653008_R03C01,GSE80417
GSE80417_9828653008_R03C02,GSE80417
GSE80417_9828653008_R04C01,GSE80417
GSE80417_9828653008_R04C02,GSE80417
GSE80417_9828653008_R05C01,GSE80417
GSE80417_9828653008_R06C01,GSE80417
GSE80417_9828653008_R06C02,GSE80417
GSE80417_9828653035_R01C01,GSE80417
GSE80417_9828653035_R02C01,GSE80417
GSE80417_9828653035_R03C02,GSE80417
GSE80417_9828653035_R04C01,GSE80417
GSE80417_9828653035_R04C02,GSE80417
GSE80417_9828653035_R05C01,GSE80417
GSE80417_9828653035_R05C02,GSE80417
GSE80417_9828653035_R06C01,GSE80417
GSE80417_9828653035_R06C02,GSE80417
GSE80417_9828653039_R01C01,GSE80417
GSE80417_9828653039_R01C02,GSE80417
GSE80417_9828653039_R02C01,GSE80417
GSE80417_9828653039_R02C02,GSE80417
GSE80417_9828653039_R03C01,GSE80417
GSE80417_9828653039_R03C02,GSE80417
GSE80417_9828653039_R04C02,GSE80417
GSE80417_9828653039_R05C01,GSE80417
GSE80417_9828653039_R05C02,GSE80417
GSE80417_9828653039_R06C02,GSE80417
GSE80417_9828653080_R02C01,GSE80417
GSE80417_9828653080_R02C02,GSE80417
GSE80417_9828653080_R03C01,GSE80417
GSE80417_9828653080_R03C02,GSE80417
GSE80417_9828653080_R04C01,GSE80417
GSE80417_9828653080_R05C01,GSE80417
GSE80417_9828653080_R05C02,GSE80417
GSE80417_9828653080_R06C01,GSE80417
GSE80417_9828653080_R06C02,GSE80417
GSE80417_9828653144_R01C01,GSE80417
GSE80417_9828653144_R01C02,GSE80417
GSE80417_9828653144_R02C01,GSE80417
GSE80417_9828653144_R02C02,GSE80417
GSE80417_9828653144_R03C01,GSE80417
GSE80417_9828653144_R03C02,GSE80417
GSE80417_9828653144_R04C01,GSE80417
GSE80417_9828653144_R04C02,GSE80417
GSE80417_9828653144_R05C02,GSE80417
GSE80417_9828653144_R06C01,GSE80417
GSE80417_9828653144_R06C02,GSE80417
GSE80417_9829119189_R01C01,GSE80417
GSE80417_9829119189_R01C02,GSE80417
GSE80417_9829119189_R02C02,GSE80417
GSE80417_9829119189_R03C01,GSE80417
GSE80417_9829119189_R04C02,GSE80417
GSE80417_9829119189_R05C01,GSE80417
GSE80417_9829119189_R05C02,GSE80417
GSE80417_9829119189_R06C01,GSE80417
GSE80417_9829119189_R06C02,GSE80417
GSE80417_9829119199_R01C01,GSE80417
GSE80417_9829119199_R01C02,GSE80417
GSE80417_9829119199_R02C02,GSE80417
GSE80417_9829119199_R03C01,GSE80417
GSE80417_9829119199_R04C02,GSE80417
GSE80417_9829119199_R05C01,GSE80417
GSE80417_9829119199_R06C01,GSE80417
GSE80417_9829119199_R06C02,GSE80417
GSE80417_9829119225_R01C01,GSE80417
GSE80417_9829119225_R01C02,GSE80417
GSE80417_9829119225_R02C01,GSE80417
GSE80417_9829119225_R02C02,GSE80417
GSE80417_9829119225_R03C01,GSE80417
GSE80417_9829119225_R03C02,GSE80417
GSE80417_9829119225_R04C01,GSE80417
GSE80417_9829119225_R04C02,GSE80417
GSE80417_9829119225_R05C01,GSE80417
GSE80417_9829119225_R05C02,GSE80417
GSE80417_9829119225_R06C01,GSE80417
GSE80417_9829119225_R06C02,GSE80417
GSE80417_9829119260_R01C01,GSE80417
GSE80417_9829119260_R01C02,GSE80417
GSE80417_9829119260_R02C02,GSE80417
GSE80417_9829119260_R03C01,GSE80417
GSE80417_9829119260_R03C02,GSE80417
GSE80417_9829119260_R04C02,GSE80417
GSE80417_9829119260_R05C02,GSE80417
GSE80417_9829119260_R06C01,GSE80417
GSE80417_9829119260_R06C02,GSE80417
GSE80417_9878827118_R02C02,GSE80417
GSE80417_9878827118_R03C01,GSE80417
GSE80417_9878827118_R03C02,GSE80417
GSE80417_9878827118_R04C01,GSE80417
GSE80417_9878827118_R04C02,GSE80417
GSE80417_9878827118_R06C01,GSE80417
GSE80417_9878827135_R01C01,GSE80417
GSE80417_9878827135_R02C01,GSE80417
GSE80417_9878827135_R02C02,GSE80417
GSE80417_9878827135_R03C01,GSE80417
GSE80417_9878827135_R03C02,GSE80417
GSE80417_9878827135_R04C01,GSE80417
GSE80417_9878827135_R05C02,GSE80417
GSE80417_9878827135_R06C01,GSE80417
GSE80417_9878827135_R06C02,GSE80417
GSE80417_9878827143_R01C02,GSE80417
GSE80417_9878827143_R02C02,GSE80417
GSE80417_9878827143_R03C01,GSE80417
GSE80417_9878827143_R03C02,GSE80417
GSE80417_9878827143_R04C02,GSE80417
GSE80417_9878827143_R05C01,GSE80417
GSE80417_9878827143_R05C02,GSE80417
GSE80417_9878827143_R06C01,GSE80417
GSE80417_9878827143_R06C02,GSE80417
GSE80417_9878827151_R01C01,GSE80417
GSE80417_9878827151_R02C02,GSE80417
GSE80417_9878827151_R03C01,GSE80417
GSE80417_9878827151_R03C02,GSE80417
GSE80417_9878827151_R04C01,GSE80417
GSE80417_9878827151_R05C02,GSE80417
GSE80417_9878827151_R06C01,GSE80417
GSE80417_9934089078_R02C01,GSE80417
GSE80417_9934089078_R03C01,GSE80417
GSE80417_9934089078_R04C01,GSE80417
GSE80417_9934089078_R04C02,GSE80417
GSE80417_9934089078_R05C01,GSE80417
GSE80417_9934089078_R05C02,GSE80417
GSE80417_9934089078_R06C01,GSE80417
GSE80417_9934089078_R06C02,GSE80417
GSE80417_9969489001_R01C02,GSE80417
GSE80417_9969489001_R02C01,GSE80417
GSE80417_9969489001_R02C02,GSE80417
GSE80417_9969489001_R03C01,GSE80417
GSE80417_9969489001_R05C01,GSE80417
GSE80417_9969489022_R01C02,GSE80417
GSE80417_9969489022_R02C02,GSE80417
GSE80417_9969489022_R03C02,GSE80417
GSE80417_9969489022_R04C02,GSE80417
GSE80417_9969489022_R05C01,GSE80417
GSE80417_9969489022_R06C01,GSE80417
GSE80417_9969489022_R06C02,GSE80417
GSE80417_9969489023_R06C01,GSE80417
GSE80417_9969489026_R03C02,GSE80417
GSE80417_9969489026_R04C01,GSE80417
GSE80417_9969489026_R05C01,GSE80417
GSE80417_9969489026_R05C02,GSE80417
GSE80417_9969489026_R06C01,GSE80417
GSE80417_9969489026_R06C02,GSE80417
GSE80417_9971851022_R01C01,GSE80417
GSE80417_9971851022_R02C01,GSE80417
GSE80417_9971851022_R03C01,GSE80417
GSE80417_9971851022_R03C02,GSE80417
GSE80417_9971851022_R04C02,GSE80417
GSE80417_9971851022_R05C01,GSE80417
GSE80417_9971851035_R01C01,GSE80417
GSE80417_9971851035_R01C02,GSE80417
GSE80417_9971851035_R02C01,GSE80417
GSE80417_9971851035_R02C02,GSE80417
GSE80417_9971851035_R03C02,GSE80417
GSE80417_9971851035_R04C01,GSE80417
GSE80417_9971851048_R01C01,GSE80417
GSE80417_9971851048_R02C01,GSE80417
GSE80417_9971851048_R02C02,GSE80417
GSE80417_9971851048_R03C01,GSE80417
GSE80417_9971851048_R04C01,GSE80417
GSE80417_9971851048_R04C02,GSE80417
GSE80417_9971851048_R05C02,GSE80417
GSE80417_9971851048_R06C01,GSE80417
GSE80417_9971851048_R06C02,GSE80417
GSE80417_9971851054_R01C02,GSE80417
GSE80417_9971851054_R02C01,GSE80417
GSE80417_9971851054_R02C02,GSE80417
GSE80417_9971851054_R03C01,GSE80417
GSE80417_9971851054_R03C02,GSE80417
GSE80417_9971851054_R04C01,GSE80417
GSE80417_9971851054_R04C02,GSE80417
GSE80417_9971851054_R05C01,GSE80417
GSE80417_9971851054_R05C02,GSE80417
GSE80417_9971851054_R06C02,GSE80417
GSE80417_9971851057_R01C01,GSE80417
GSE80417_9971851057_R01C02,GSE80417
GSE80417_9971851057_R02C01,GSE80417
GSE80417_9971851057_R02C02,GSE80417
GSE80417_9971851057_R03C01,GSE80417
GSE80417_9971851057_R03C02,GSE80417
GSE80417_9971851057_R04C01,GSE80417
GSE80417_9971851057_R04C02,GSE80417
GSE80417_9971851057_R05C02,GSE80417
GSE80417_9971851057_R06C01,GSE80417
GSE80417_9971851057_R06C02,GSE80417
GSE80417_9971851065_R05C01,GSE80417
GSE80417_9971851065_R05C02,GSE80417
GSE80417_9971851065_R06C01,GSE80417
GSE80417_9971851065_R06C02,GSE80417
GSE80417_9971851066_R03C02,GSE80417
GSE80417_9971851066_R04C02,GSE80417
GSE80417_9971851066_R05C02,GSE80417
GSE80417_9971851066_R06C01,GSE80417
GSE80417_9971851066_R06C02,GSE80417
GSE80417_9971851094_R01C01,GSE80417
GSE80417_9971851094_R01C02,GSE80417
GSE80417_9971851094_R02C02,GSE80417
GSE80417_9971851094_R03C01,GSE80417
GSE80417_9971851094_R04C01,GSE80417
GSE80417_9971851094_R04C02,GSE80417
GSE80417_9971851094_R06C01,GSE80417
GSE80417_9971851152_R04C01,GSE80417
GSE80417_9971851152_R05C01,GSE80417
GSE80417_9971851152_R05C02,GSE80417
GSE80417_9971851152_R06C01,GSE80417
GSE80417_9971851152_R06C02,GSE80417
GSE80417_9974366006_R01C01,GSE80417
GSE80417_9974366006_R01C02,GSE80417
GSE80417_9974366006_R02C01,GSE80417
GSE80417_9974366006_R02C02,GSE80417
GSE80417_9974366006_R03C01,GSE80417
GSE80417_9974366006_R03C02,GSE80417
GSE80417_9974366006_R04C01,GSE80417
GSE80417_9974366006_R04C02,GSE80417
GSE80417_9974366006_R05C01,GSE80417
GSE80417_9974366006_R05C02,GSE80417
GSE80417_9974366006_R06C01,GSE80417
GSE80417_9974366006_R06C02,GSE80417
GSE80417_9974366028_R01C01,GSE80417
GSE80417_9974366028_R01C02,GSE80417
GSE80417_9974366028_R02C01,GSE80417
GSE80417_9974366028_R02C02,GSE80417
GSE80417_9974366028_R03C01,GSE80417
GSE80417_9974366028_R03C02,GSE80417
GSE80417_9974366028_R04C01,GSE80417
GSE80417_9974366028_R04C02,GSE80417
GSE80417_9974366028_R05C01,GSE80417
GSE80417_9974366028_R05C02,GSE80417
GSE80417_9974366028_R06C01,GSE80417
GSE80417_9974366028_R06C02,GSE80417
GSE80417_9976861013_R03C02,GSE80417
GSE80417_9976861013_R04C02,GSE80417
GSE80417_9976861013_R05C02,GSE80417
GSE80417_9976861013_R06C01,GSE80417
GSE80417_9976861013_R06C02,GSE80417
GSE80417_9976861150_R03C01,GSE80417
GSE80417_9976861150_R03C02,GSE80417
GSE80417_9976861150_R04C01,GSE80417
GSE80417_9976861150_R04C02,GSE80417
GSE80417_9976861150_R05C01,GSE80417
GSE80417_9976861150_R05C02,GSE80417
GSE80417_9976861150_R06C01,GSE80417
GSE80417_9980092020_R01C01,GSE80417
GSE80417_9980092020_R01C02,GSE80417
GSE80417_9980092020_R02C01,GSE80417
GSE80417_9980092020_R04C01,GSE80417
GSE80417_9980092020_R04C02,GSE80417
GSE80417_9980092020_R05C01,GSE80417
GSE80417_9980092020_R06C01,GSE80417
GSE80417_9980092020_R06C02,GSE80417
GSE80417_9980092051_R01C01,GSE80417
GSE80417_9980092051_R01C02,GSE80417
GSE80417_9980092051_R02C01,GSE80417
GSE80417_9980092051_R03C01,GSE80417
GSE80417_9980092051_R04C01,GSE80417
GSE80417_9980092051_R04C02,GSE80417
GSE80417_9980092051_R05C02,GSE80417
GSE80417_9980092051_R06C01,GSE80417
GSE80417_9980092051_R06C02,GSE80417
GSE80417_9980092055_R01C01,GSE80417
GSE80417_9980092055_R01C02,GSE80417
GSE80417_9980092055_R02C01,GSE80417
GSE80417_9980092055_R02C02,GSE80417
GSE80417_9980092055_R03C02,GSE80417
GSE80417_9980092055_R04C01,GSE80417
GSE80417_9980092055_R04C02,GSE80417
GSE80417_9980092055_R05C01,GSE80417
GSE80417_9980092055_R05C02,GSE80417
GSE80417_9980092055_R06C01,GSE80417
GSE80417_9980092055_R06C02,GSE80417
GSE80417_9980092060_R01C01,GSE80417
GSE80417_9980092060_R02C01,GSE80417
GSE80417_9980092060_R02C02,GSE80417
GSE80417_9980092060_R03C02,GSE80417
GSE80417_9980092060_R04C01,GSE80417
GSE80417_9980092060_R04C02,GSE80417
GSE80417_9980092060_R05C01,GSE80417
GSE80417_9980092060_R05C02,GSE80417
GSE80417_9980092060_R06C01,GSE80417
GSE80417_9980092060_R06C02,GSE80417
GSE80417_9980092070_R01C02,GSE80417
GSE80417_9980092070_R02C01,GSE80417
GSE80417_9980092070_R03C01,GSE80417
GSE80417_9980092070_R04C01,GSE80417
GSE80417_9980092070_R04C02,GSE80417
GSE80417_9980092070_R05C01,GSE80417
GSE80417_9980092070_R05C02,GSE80417
GSE80417_9980092070_R06C01,GSE80417
GSE80417_9980092070_R06C02,GSE80417
GSE80417_9980092080_R01C02,GSE80417
GSE80417_9980092080_R02C01,GSE80417
GSE80417_9980092080_R02C02,GSE80417
GSE80417_9980092080_R03C01,GSE80417
GSE80417_9980092080_R03C02,GSE80417
GSE80417_9980092080_R04C01,GSE80417
GSE80417_9980092080_R04C02,GSE80417
GSE80417_9980092080_R05C01,GSE80417
GSE80417_9980092080_R05C02,GSE80417
GSE80417_9980092080_R06C02,GSE80417
GSE80417_9980092082_R01C02,GSE80417
GSE80417_9980092082_R03C01,GSE80417
GSE80417_9980092082_R04C01,GSE80417
GSE80417_9980092082_R04C02,GSE80417
GSE80417_9980092082_R05C01,GSE80417
GSE80417_9980092082_R05C02,GSE80417
GSE80417_9980092082_R06C01,GSE80417
GSE80417_9980092098_R01C01,GSE80417
GSE80417_9980092098_R02C01,GSE80417
GSE80417_9980092098_R02C02,GSE80417
GSE80417_9980092098_R03C01,GSE80417
GSE80417_9980092098_R03C02,GSE80417
GSE80417_9980092098_R04C02,GSE80417
GSE80417_9980092098_R05C02,GSE80417
GSE80417_9980092098_R06C01,GSE80417
GSE80417_9980092098_R06C02,GSE80417
GSE80417_9980092107_R03C01,GSE80417
GSE80417_9980092107_R03C02,GSE80417
GSE80417_9980092107_R04C01,GSE80417
GSE80417_9980092107_R04C02,GSE80417
GSE80417_9980092107_R05C01,GSE80417
GSE80417_9980092107_R06C01,GSE80417
GSE80417_9980092107_R06C02,GSE80417
GSE80417_9980092127_R01C01,GSE80417
GSE80417_9980092127_R01C02,GSE80417
GSE80417_9980092127_R02C02,GSE80417
GSE80417_9980092127_R03C02,GSE80417
GSE80417_9980092127_R04C01,GSE80417
GSE80417_9980092127_R04C02,GSE80417
GSE80417_9980092127_R05C02,GSE80417
GSE80417_9980092127_R06C01,GSE80417
GSE80417_9980092127_R06C02,GSE80417
GSE80417_9980092131_R01C01,GSE80417
GSE80417_9980092131_R01C02,GSE80417
GSE80417_9980092131_R02C01,GSE80417
GSE80417_9980092131_R02C02,GSE80417
GSE80417_9980092131_R03C02,GSE80417
GSE80417_9980092131_R04C01,GSE80417
GSE80417_9980092131_R04C02,GSE80417
GSE80417_9980092131_R05C01,GSE80417
GSE80417_9980092131_R05C02,GSE80417
GSE80417_9980092131_R06C01,GSE80417
GSE80417_9980092131_R06C02,GSE80417
GSE80417_9980092134_R01C02,GSE80417
GSE80417_9980092134_R02C01,GSE80417
GSE80417_9980092134_R02C02,GSE80417
GSE80417_9980092134_R03C01,GSE80417
GSE80417_9980092134_R04C01,GSE80417
GSE80417_9980092134_R04C02,GSE80417
GSE80417_9980092134_R05C01,GSE80417
GSE80417_9980092134_R05C02,GSE80417
GSE80417_9980092134_R06C01,GSE80417
GSE80417_9980092134_R06C02,GSE80417
GSE80417_9980092138_R02C01,GSE80417
GSE80417_9980092138_R04C02,GSE80417
GSE80417_9980092138_R05C01,GSE80417
GSE80417_9980092138_R05C02,GSE80417
GSE80417_9980092138_R06C02,GSE80417
GSE80417_9980102001_R01C01,GSE80417
GSE80417_9980102001_R01C02,GSE80417
GSE80417_9980102001_R02C01,GSE80417
GSE80417_9980102001_R03C01,GSE80417
GSE80417_9980102001_R03C02,GSE80417
GSE80417_9980102001_R04C02,GSE80417
GSE80417_9980102001_R05C01,GSE80417
GSE80417_9980102001_R06C02,GSE80417
GSE80417_9980102014_R01C01,GSE80417
GSE80417_9980102014_R02C01,GSE80417
GSE80417_9980102014_R03C01,GSE80417
GSE80417_9980102014_R03C02,GSE80417
GSE80417_9980102014_R04C01,GSE80417
GSE80417_9980102014_R04C02,GSE80417
GSE80417_9980102014_R05C01,GSE80417
GSE80417_9980102014_R05C02,GSE80417
GSE80417_9980102014_R06C01,GSE80417
GSE80417_9980102014_R06C02,GSE80417
GSE80417_9980102015_R04C02,GSE80417
GSE80417_9980102015_R05C02,GSE80417
GSE80417_9980102016_R03C01,GSE80417
GSE80417_9980102016_R03C02,GSE80417
GSE80417_9980102016_R04C01,GSE80417
GSE80417_9980102016_R04C02,GSE80417
GSE80417_9980102016_R05C01,GSE80417
GSE80417_9980102016_R05C02,GSE80417
GSE80417_9980102016_R06C01,GSE80417
GSE80417_9980102016_R06C02,GSE80417
GSE80417_9980102021_R01C02,GSE80417
GSE80417_9980102021_R02C01,GSE80417
GSE80417_9980102021_R02C02,GSE80417
GSE80417_9980102021_R03C02,GSE80417
GSE80417_9980102021_R04C01,GSE80417
GSE80417_9980102021_R04C02,GSE80417
GSE80417_9980102021_R05C01,GSE80417
GSE80417_9980102021_R05C02,GSE80417
GSE80417_9980102021_R06C01,GSE80417
GSE80417_9980102021_R06C02,GSE80417
GSE80417_9980102023_R01C01,GSE80417
GSE80417_9980102023_R01C02,GSE80417
GSE80417_9980102023_R02C01,GSE80417
GSE80417_9980102023_R02C02,GSE80417
GSE80417_9980102023_R03C01,GSE80417
GSE80417_9980102023_R03C02,GSE80417
GSE80417_9980102023_R04C01,GSE80417
GSE80417_9980102023_R04C02,GSE80417
GSE80417_9980102023_R05C01,GSE80417
GSE80417_9980102023_R05C02,GSE80417
GSE80417_9980102025_R01C01,GSE80417
GSE80417_9980102025_R01C02,GSE80417
GSE80417_9980102025_R02C01,GSE80417
GSE80417_9980102025_R03C02,GSE80417
GSE80417_9980102025_R04C01,GSE80417
GSE80417_9980102025_R04C02,GSE80417
GSE80417_9980102025_R05C01,GSE80417
GSE80417_9980102025_R05C02,GSE80417
GSE80417_9980102025_R06C01,GSE80417
GSE80417_9980102025_R06C02,GSE80417
GSE80417_9980102038_R01C02,GSE80417
GSE80417_9980102038_R02C01,GSE80417
GSE80417_9980102038_R02C02,GSE80417
GSE80417_9980102038_R03C01,GSE80417
GSE80417_9980102038_R03C02,GSE80417
GSE80417_9980102038_R04C01,GSE80417
GSE80417_9980102038_R04C02,GSE80417
GSE80417_9980102038_R05C01,GSE80417
GSE80417_9980102038_R05C02,GSE80417
GSE80417_9980102038_R06C01,GSE80417
GSE80417_9980102038_R06C02,GSE80417
GSE80417_9980102041_R01C01,GSE80417
GSE80417_9980102041_R01C02,GSE80417
GSE80417_9980102041_R02C01,GSE80417
GSE80417_9980102041_R02C02,GSE80417
GSE80417_9980102041_R03C01,GSE80417
GSE80417_9980102041_R03C02,GSE80417
GSE80417_9980102041_R04C02,GSE80417
GSE80417_9980102041_R05C01,GSE80417
GSE80417_9980102041_R05C02,GSE80417
GSE80417_9980102041_R06C01,GSE80417
GSE80417_9980102041_R06C02,GSE80417
GSE80417_9992571030_R01C02,GSE80417
GSE80417_9992571030_R02C01,GSE80417
GSE80417_9992571030_R02C02,GSE80417
GSE80417_9992571030_R03C01,GSE80417
GSE80417_9992571030_R03C02,GSE80417
GSE80417_9992571030_R04C01,GSE80417
GSE80417_9992571030_R04C02,GSE80417
GSE80417_9992571030_R05C02,GSE80417
GSE80417_9992571030_R06C01,GSE80417
GSE80417_9992571030_R06C02,GSE80417
GSE80417_9992571046_R01C01,GSE80417
GSE80417_9992571046_R01C02,GSE80417
GSE80417_9992571046_R02C01,GSE80417
GSE80417_9992571046_R02C02,GSE80417
GSE80417_9992571046_R03C01,GSE80417
GSE80417_9992571046_R03C02,GSE80417
GSE80417_9992571046_R04C01,GSE80417
GSE80417_9992571046_R04C02,GSE80417
GSE80417_9992571046_R05C01,GSE80417
GSE80417_9992571046_R05C02,GSE80417
GSE80417_9992571046_R06C01,GSE80417
GSE80417_9992571046_R06C02,GSE80417
GSE80417_9992571068_R01C01,GSE80417
GSE80417_9992571068_R02C01,GSE80417
GSE80417_9992571068_R02C02,GSE80417
GSE80417_9992571068_R06C02,GSE80417
GSE80417_9992571076_R01C01,GSE80417
GSE80417_9992571076_R01C02,GSE80417
GSE80417_9992571076_R02C02,GSE80417
GSE80417_9992571076_R03C01,GSE80417
GSE80417_9992571076_R03C02,GSE80417
GSE80417_9992571076_R04C01,GSE80417
GSE80417_9992571076_R04C02,GSE80417
GSE80417_9992571076_R05C01,GSE80417
GSE80417_9992571076_R05C02,GSE80417
GSE80417_9992571076_R06C01,GSE80417
GSE84727_100973330060_R01C01,GSE84727
GSE84727_100973330060_R03C01,GSE84727
GSE84727_100973330060_R03C02,GSE84727
GSE84727_100973330060_R04C01,GSE84727
GSE84727_100973330060_R04C02,GSE84727
GSE84727_100973330060_R05C02,GSE84727
GSE84727_100973330060_R06C01,GSE84727
GSE84727_100973330060_R06C02,GSE84727
GSE84727_100973330068_R01C01,GSE84727
GSE84727_100973330068_R02C01,GSE84727
GSE84727_100973330068_R02C02,GSE84727
GSE84727_100973330068_R04C01,GSE84727
GSE84727_100973330068_R04C02,GSE84727
GSE84727_100973330068_R05C01,GSE84727
GSE84727_100973330068_R05C02,GSE84727
GSE84727_100973330068_R06C01,GSE84727
GSE84727_100973330068_R06C02,GSE84727
GSE84727_100973330103_R01C01,GSE84727
GSE84727_100973330103_R01C02,GSE84727
GSE84727_100973330103_R02C02,GSE84727
GSE84727_100973330103_R03C01,GSE84727
GSE84727_100973330103_R03C02,GSE84727
GSE84727_100973330103_R04C01,GSE84727
GSE84727_100973330103_R04C02,GSE84727
GSE84727_100973330103_R05C01,GSE84727
GSE84727_100973330103_R05C02,GSE84727
GSE84727_100973330103_R06C01,GSE84727
GSE84727_100973330103_R06C02,GSE84727
GSE84727_100973330104_R01C01,GSE84727
GSE84727_100973330104_R01C02,GSE84727
GSE84727_100973330104_R02C01,GSE84727
GSE84727_100973330104_R02C02,GSE84727
GSE84727_100973330104_R05C01,GSE84727
GSE84727_100973330104_R05C02,GSE84727
GSE84727_100973330104_R06C01,GSE84727
GSE84727_100973330104_R06C02,GSE84727
GSE84727_101103430016_R01C02,GSE84727
GSE84727_101103430016_R02C01,GSE84727
GSE84727_101103430016_R03C01,GSE84727
GSE84727_101103430016_R03C02,GSE84727
GSE84727_101103430016_R04C01,GSE84727
GSE84727_101103430016_R04C02,GSE84727
GSE84727_101103430016_R05C02,GSE84727
GSE84727_101103430016_R06C01,GSE84727
GSE84727_101103430016_R06C02,GSE84727
GSE84727_101103430018_R01C01,GSE84727
GSE84727_101103430018_R01C02,GSE84727
GSE84727_101103430018_R02C01,GSE84727
GSE84727_101103430018_R02C02,GSE84727
GSE84727_101103430018_R03C02,GSE84727
GSE84727_101103430018_R04C01,GSE84727
GSE84727_101103430018_R04C02,GSE84727
GSE84727_101103430018_R05C01,GSE84727
GSE84727_101103430018_R05C02,GSE84727
GSE84727_101103430018_R06C01,GSE84727
GSE84727_101103430060_R01C01,GSE84727
GSE84727_101103430060_R01C02,GSE84727
GSE84727_101103430060_R02C01,GSE84727
GSE84727_101103430060_R02C02,GSE84727
GSE84727_101103430060_R03C01,GSE84727
GSE84727_101103430060_R04C02,GSE84727
GSE84727_101103430060_R05C01,GSE84727
GSE84727_101103430060_R06C02,GSE84727
GSE84727_101103430063_R01C02,GSE84727
GSE84727_101103430063_R02C01,GSE84727
GSE84727_101103430063_R02C02,GSE84727
GSE84727_101103430063_R03C01,GSE84727
GSE84727_101103430063_R03C02,GSE84727
GSE84727_101103430063_R04C01,GSE84727
GSE84727_101103430063_R04C02,GSE84727
GSE84727_101103430063_R05C01,GSE84727
GSE84727_101103430063_R06C01,GSE84727
GSE84727_101103430073_R01C01,GSE84727
GSE84727_101103430073_R01C02,GSE84727
GSE84727_101103430073_R02C01,GSE84727
GSE84727_101103430073_R02C02,GSE84727
GSE84727_101103430073_R03C02,GSE84727
GSE84727_101103430073_R04C01,GSE84727
GSE84727_101103430073_R04C02,GSE84727
GSE84727_101103430073_R05C01,GSE84727
GSE84727_101103430073_R05C02,GSE84727
GSE84727_101103430073_R06C01,GSE84727
GSE84727_101103430073_R06C02,GSE84727
GSE84727_101103430075_R02C01,GSE84727
GSE84727_101103430075_R03C01,GSE84727
GSE84727_101103430075_R03C02,GSE84727
GSE84727_101103430075_R04C02,GSE84727
GSE84727_101103430075_R05C01,GSE84727
GSE84727_101103430075_R06C01,GSE84727
GSE84727_101103430116_R01C01,GSE84727
GSE84727_101103430116_R02C02,GSE84727
GSE84727_101103430116_R03C01,GSE84727
GSE84727_101103430116_R03C02,GSE84727
GSE84727_101103430116_R04C01,GSE84727
GSE84727_101103430116_R04C02,GSE84727
GSE84727_101103430116_R05C01,GSE84727
GSE84727_101103430116_R06C01,GSE84727
GSE84727_101103430116_R06C02,GSE84727
GSE84727_101103430127_R01C02,GSE84727
GSE84727_101103430127_R02C01,GSE84727
GSE84727_101103430127_R02C02,GSE84727
GSE84727_101103430127_R03C01,GSE84727
GSE84727_101103430127_R03C02,GSE84727
GSE84727_101103430127_R04C01,GSE84727
GSE84727_101103430127_R04C02,GSE84727
GSE84727_101103430127_R05C01,GSE84727
GSE84727_101103430127_R06C01,GSE84727
GSE84727_101103430127_R06C02,GSE84727
GSE84727_101103430128_R01C02,GSE84727
GSE84727_101103430128_R02C02,GSE84727
GSE84727_101103430128_R03C02,GSE84727
GSE84727_101103430128_R04C01,GSE84727
GSE84727_101103430128_R05C02,GSE84727
GSE84727_101103430128_R06C01,GSE84727
GSE84727_101103430128_R06C02,GSE84727
GSE84727_101103430134_R01C02,GSE84727
GSE84727_101103430134_R02C02,GSE84727
GSE84727_101103430134_R03C01,GSE84727
GSE84727_101103430134_R03C02,GSE84727
GSE84727_101103430134_R04C01,GSE84727
GSE84727_101103430134_R05C01,GSE84727
GSE84727_101103430134_R05C02,GSE84727
GSE84727_101103430134_R06C01,GSE84727
GSE84727_101103430134_R06C02,GSE84727
GSE84727_101103430151_R02C02,GSE84727
GSE84727_101103430151_R03C01,GSE84727
GSE84727_101103430151_R03C02,GSE84727
GSE84727_101103430151_R04C01,GSE84727
GSE84727_101103430151_R04C02,GSE84727
GSE84727_101103430151_R05C01,GSE84727
GSE84727_101103430152_R01C01,GSE84727
GSE84727_101103430152_R02C01,GSE84727
GSE84727_101103430152_R03C01,GSE84727
GSE84727_101103430153_R01C01,GSE84727
GSE84727_101103430153_R02C01,GSE84727
GSE84727_101103430153_R02C02,GSE84727
GSE84727_101103430153_R03C01,GSE84727
GSE84727_101103430153_R03C02,GSE84727
GSE84727_101103430153_R04C01,GSE84727
GSE84727_101103430153_R04C02,GSE84727
GSE84727_101103430153_R05C02,GSE84727
GSE84727_101103430153_R06C01,GSE84727
GSE84727_101103430153_R06C02,GSE84727
GSE84727_101103430155_R01C01,GSE84727
GSE84727_101103430155_R01C02,GSE84727
GSE84727_101103430155_R02C02,GSE84727
GSE84727_101103430155_R04C02,GSE84727
GSE84727_101103430155_R05C01,GSE84727
GSE84727_101103430155_R05C02,GSE84727
GSE84727_101103430155_R06C01,GSE84727
GSE84727_101103430155_R06C02,GSE84727
GSE84727_101103430156_R01C02,GSE84727
GSE84727_101103430156_R02C02,GSE84727
GSE84727_101103430156_R03C02,GSE84727
GSE84727_101103430156_R04C01,GSE84727
GSE84727_101103430156_R05C01,GSE84727
GSE84727_101103430156_R06C02,GSE84727
GSE84727_101103430168_R01C01,GSE84727
GSE84727_101103430168_R01C02,GSE84727
GSE84727_101103430168_R02C02,GSE84727
GSE84727_101103430168_R03C02,GSE84727
GSE84727_101103430168_R04C01,GSE84727
GSE84727_101103430168_R04C02,GSE84727
GSE84727_101103430168_R05C01,GSE84727
GSE84727_101103430168_R05C02,GSE84727
GSE84727_101103430168_R06C01,GSE84727
GSE84727_101103430168_R06C02,GSE84727
GSE84727_3998567004_R01C01,GSE84727
GSE84727_3998567004_R01C02,GSE84727
GSE84727_3998567004_R03C01,GSE84727
GSE84727_3998567004_R03C02,GSE84727
GSE84727_3998567004_R04C01,GSE84727
GSE84727_3998567004_R04C02,GSE84727
GSE84727_3998567004_R05C01,GSE84727
GSE84727_3998567004_R05C02,GSE84727
GSE84727_3998567004_R06C01,GSE84727
GSE84727_3998567004_R06C02,GSE84727
GSE84727_3998567008_R01C02,GSE84727
GSE84727_3998567008_R02C02,GSE84727
GSE84727_3998567008_R03C02,GSE84727
GSE84727_3998567008_R04C02,GSE84727
GSE84727_3998567008_R05C01,GSE84727
GSE84727_3998567008_R06C01,GSE84727
GSE84727_3998567008_R06C02,GSE84727
GSE84727_3998567009_R01C01,GSE84727
GSE84727_3998567009_R02C01,GSE84727
GSE84727_3998567009_R03C01,GSE84727
GSE84727_3998567009_R03C02,GSE84727
GSE84727_3998567009_R04C01,GSE84727
GSE84727_3998567009_R05C01,GSE84727
GSE84727_3998567009_R06C01,GSE84727
GSE84727_3998567009_R06C02,GSE84727
GSE84727_3998567012_R01C01,GSE84727
GSE84727_3998567012_R01C02,GSE84727
GSE84727_3998567012_R02C01,GSE84727
GSE84727_3998567012_R02C02,GSE84727
GSE84727_3998567012_R04C01,GSE84727
GSE84727_3998567012_R05C01,GSE84727
GSE84727_3998567012_R06C01,GSE84727
GSE84727_3998567012_R06C02,GSE84727
GSE84727_3998567013_R01C01,GSE84727
GSE84727_3998567013_R01C02,GSE84727
GSE84727_3998567013_R02C01,GSE84727
GSE84727_3998567013_R02C02,GSE84727
GSE84727_3998567013_R03C01,GSE84727
GSE84727_3998567013_R03C02,GSE84727
GSE84727_3998567013_R04C01,GSE84727
GSE84727_3998567013_R04C02,GSE84727
GSE84727_3998567013_R05C01,GSE84727
GSE84727_3998567013_R06C01,GSE84727
GSE84727_3998567013_R06C02,GSE84727
GSE84727_3998567014_R01C01,GSE84727
GSE84727_3998567014_R01C02,GSE84727
GSE84727_3998567014_R02C01,GSE84727
GSE84727_3998567014_R02C02,GSE84727
GSE84727_3998567014_R03C01,GSE84727
GSE84727_3998567014_R03C02,GSE84727
GSE84727_3998567014_R04C01,GSE84727
GSE84727_3998567014_R04C02,GSE84727
GSE84727_3998567014_R05C01,GSE84727
GSE84727_3998567014_R05C02,GSE84727
GSE84727_3998567014_R06C01,GSE84727
GSE84727_3998567014_R06C02,GSE84727
GSE84727_3998567021_R01C01,GSE84727
GSE84727_3998567021_R01C02,GSE84727
GSE84727_3998567021_R02C01,GSE84727
GSE84727_3998567021_R02C02,GSE84727
GSE84727_3998567021_R03C01,GSE84727
GSE84727_3998567021_R04C01,GSE84727
GSE84727_3998567021_R05C01,GSE84727
GSE84727_3998567021_R05C02,GSE84727
GSE84727_3998567021_R06C01,GSE84727
GSE84727_3998567021_R06C02,GSE84727
GSE84727_3998567026_R01C02,GSE84727
GSE84727_3998567026_R02C01,GSE84727
GSE84727_3998567026_R02C02,GSE84727
GSE84727_3998567026_R03C02,GSE84727
GSE84727_3998567026_R05C02,GSE84727
GSE84727_3998567026_R06C01,GSE84727
GSE84727_3998567026_R06C02,GSE84727
GSE84727_3998567027_R01C01,GSE84727
GSE84727_3998567027_R01C02,GSE84727
GSE84727_3998567027_R02C01,GSE84727
GSE84727_3998567027_R02C02,GSE84727
GSE84727_3998567027_R03C01,GSE84727
GSE84727_3998567027_R03C02,GSE84727
GSE84727_3998567027_R04C01,GSE84727
GSE84727_3998567027_R04C02,GSE84727
GSE84727_3998567027_R06C01,GSE84727
GSE84727_3998567027_R06C02,GSE84727
GSE84727_3998567028_R01C02,GSE84727
GSE84727_3998567028_R02C01,GSE84727
GSE84727_3998567028_R03C02,GSE84727
GSE84727_3998567028_R04C01,GSE84727
GSE84727_3998567028_R04C02,GSE84727
GSE84727_3998567028_R05C01,GSE84727
GSE84727_3998567028_R06C01,GSE84727
GSE84727_3998567028_R06C02,GSE84727
GSE84727_3998567030_R01C01,GSE84727
GSE84727_3998567030_R01C02,GSE84727
GSE84727_3998567030_R02C01,GSE84727
GSE84727_3998567030_R02C02,GSE84727
GSE84727_3998567030_R03C01,GSE84727
GSE84727_3998567030_R04C01,GSE84727
GSE84727_3998567030_R04C02,GSE84727
GSE84727_3998567030_R05C01,GSE84727
GSE84727_3998567030_R05C02,GSE84727
GSE84727_3998567030_R06C01,GSE84727
GSE84727_3998567034_R01C01,GSE84727
GSE84727_3998567034_R02C01,GSE84727
GSE84727_3998567034_R02C02,GSE84727
GSE84727_3998567034_R03C02,GSE84727
GSE84727_3998567034_R04C01,GSE84727
GSE84727_3998567034_R04C02,GSE84727
GSE84727_3998567034_R05C01,GSE84727
GSE84727_3998567034_R06C01,GSE84727
GSE84727_3998567038_R01C02,GSE84727
GSE84727_3998567038_R02C01,GSE84727
GSE84727_3998567038_R02C02,GSE84727
GSE84727_3998567038_R03C01,GSE84727
GSE84727_3998567038_R03C02,GSE84727
GSE84727_3998567038_R04C01,GSE84727
GSE84727_3998567038_R05C01,GSE84727
GSE84727_3998567038_R05C02,GSE84727
GSE84727_3998567038_R06C01,GSE84727
GSE84727_3998567038_R06C02,GSE84727
GSE84727_3998567045_R01C01,GSE84727
GSE84727_3998567045_R03C01,GSE84727
GSE84727_3998567045_R03C02,GSE84727
GSE84727_3998567045_R04C01,GSE84727
GSE84727_3998567045_R04C02,GSE84727
GSE84727_3998567045_R05C01,GSE84727
GSE84727_3998567045_R06C01,GSE84727
GSE84727_3998567045_R06C02,GSE84727
GSE84727_3998567064_R01C01,GSE84727
GSE84727_3998567064_R01C02,GSE84727
GSE84727_3998567064_R02C01,GSE84727
GSE84727_3998567064_R03C01,GSE84727
GSE84727_3998567064_R03C02,GSE84727
GSE84727_3998567064_R04C01,GSE84727
GSE84727_3998567064_R05C02,GSE84727
GSE84727_3998567064_R06C01,GSE84727
GSE84727_3998567064_R06C02,GSE84727
GSE84727_3998567069_R01C01,GSE84727
GSE84727_3998567069_R01C02,GSE84727
GSE84727_3998567069_R02C01,GSE84727
GSE84727_3998567069_R02C02,GSE84727
GSE84727_3998567069_R03C01,GSE84727
GSE84727_3998567069_R03C02,GSE84727
GSE84727_3998567069_R04C01,GSE84727
GSE84727_3998567069_R04C02,GSE84727
GSE84727_3998567069_R05C02,GSE84727
GSE84727_3998567074_R01C02,GSE84727
GSE84727_3998567074_R02C01,GSE84727
GSE84727_3998567074_R02C02,GSE84727
GSE84727_3998567074_R03C01,GSE84727
GSE84727_3998567074_R03C02,GSE84727
GSE84727_3998567074_R04C01,GSE84727
GSE84727_3998567074_R04C02,GSE84727
GSE84727_3998567074_R05C01,GSE84727
GSE84727_3998567074_R05C02,GSE84727
GSE84727_3998567074_R06C02,GSE84727
GSE84727_3998567086_R01C02,GSE84727
GSE84727_3998567086_R03C01,GSE84727
GSE84727_3998567086_R03C02,GSE84727
GSE84727_3998567086_R04C01,GSE84727
GSE84727_3998567086_R04C02,GSE84727
GSE84727_3998567086_R05C01,GSE84727
GSE84727_3998567086_R05C02,GSE84727
GSE84727_3998567086_R06C01,GSE84727
GSE84727_3998567086_R06C02,GSE84727
GSE84727_3998567090_R01C01,GSE84727
GSE84727_3998567090_R02C01,GSE84727
GSE84727_3998567090_R02C02,GSE84727
GSE84727_3998567090_R03C01,GSE84727
GSE84727_3998567090_R06C01,GSE84727
GSE84727_3998567090_R06C02,GSE84727
GSE84727_3998568009_R01C01,GSE84727
GSE84727_3998568009_R01C02,GSE84727
GSE84727_3998568009_R02C01,GSE84727
GSE84727_3998568009_R02C02,GSE84727
GSE84727_3998568009_R03C01,GSE84727
GSE84727_3998568009_R03C02,GSE84727
GSE84727_3998568009_R05C01,GSE84727
GSE84727_3998568009_R06C01,GSE84727
GSE84727_3998568009_R06C02,GSE84727
GSE84727_3998568010_R01C01,GSE84727
GSE84727_3998568010_R01C02,GSE84727
GSE84727_3998568010_R02C02,GSE84727
GSE84727_3998568010_R03C01,GSE84727
GSE84727_3998568010_R03C02,GSE84727
GSE84727_3998568010_R04C01,GSE84727
GSE84727_3998568010_R04C02,GSE84727
GSE84727_3998568010_R05C01,GSE84727
GSE84727_3998568010_R05C02,GSE84727
GSE84727_3998568010_R06C01,GSE84727
GSE84727_3998568010_R06C02,GSE84727
GSE84727_3998568011_R01C01,GSE84727
GSE84727_3998568011_R02C01,GSE84727
GSE84727_3998568011_R02C02,GSE84727
GSE84727_3998568011_R03C02,GSE84727
GSE84727_3998568011_R04C01,GSE84727
GSE84727_3998568011_R04C02,GSE84727
GSE84727_3998568011_R05C01,GSE84727
GSE84727_3998568011_R05C02,GSE84727
GSE84727_3998568011_R06C01,GSE84727
GSE84727_3998568011_R06C02,GSE84727
GSE84727_3998568012_R01C01,GSE84727
GSE84727_3998568012_R01C02,GSE84727
GSE84727_3998568012_R02C01,GSE84727
GSE84727_3998568012_R03C01,GSE84727
GSE84727_3998568012_R03C02,GSE84727
GSE84727_3998568012_R04C01,GSE84727
GSE84727_3998568012_R04C02,GSE84727
GSE84727_3998568012_R05C01,GSE84727
GSE84727_3998568012_R06C01,GSE84727
GSE84727_3998568012_R06C02,GSE84727
GSE84727_3998568018_R01C01,GSE84727
GSE84727_3998568018_R02C01,GSE84727
GSE84727_3998568018_R02C02,GSE84727
GSE84727_3998568018_R03C01,GSE84727
GSE84727_3998568018_R04C01,GSE84727
GSE84727_3998568018_R05C01,GSE84727
GSE84727_3998568018_R05C02,GSE84727
GSE84727_3998568018_R06C01,GSE84727
GSE84727_3998568018_R06C02,GSE84727
GSE84727_3998568021_R01C01,GSE84727
GSE84727_3998568021_R02C01,GSE84727
GSE84727_3998568021_R02C02,GSE84727
GSE84727_3998568021_R03C01,GSE84727
GSE84727_3998568021_R03C02,GSE84727
GSE84727_3998568021_R04C01,GSE84727
GSE84727_3998568021_R04C02,GSE84727
GSE84727_3998568021_R05C02,GSE84727
GSE84727_3998568021_R06C01,GSE84727
GSE84727_3998568021_R06C02,GSE84727
GSE84727_3998568022_R01C01,GSE84727
GSE84727_3998568022_R01C02,GSE84727
GSE84727_3998568022_R02C02,GSE84727
GSE84727_3998568022_R03C01,GSE84727
GSE84727_3998568022_R03C02,GSE84727
GSE84727_3998568022_R04C02,GSE84727
GSE84727_3998568022_R05C01,GSE84727
GSE84727_3998568022_R05C02,GSE84727
GSE84727_3998568022_R06C01,GSE84727
GSE84727_3998568022_R06C02,GSE84727
GSE84727_3998568054_R01C01,GSE84727
GSE84727_3998568054_R01C02,GSE84727
GSE84727_3998568054_R02C01,GSE84727
GSE84727_3998568054_R02C02,GSE84727
GSE84727_3998568054_R03C01,GSE84727
GSE84727_3998568054_R03C02,GSE84727
GSE84727_3998568054_R04C01,GSE84727
GSE84727_3998568054_R04C02,GSE84727
GSE84727_3998568054_R05C01,GSE84727
GSE84727_3998568054_R05C02,GSE84727
GSE84727_3998568054_R06C01,GSE84727
GSE84727_3998568054_R06C02,GSE84727
GSE84727_3998579176_R03C01,GSE84727
GSE84727_3998579176_R03C02,GSE84727
GSE84727_3998579176_R04C01,GSE84727
GSE84727_3998579176_R04C02,GSE84727
GSE84727_3998579176_R05C01,GSE84727
GSE84727_3998579176_R05C02,GSE84727
GSE84727_3998579176_R06C01,GSE84727
GSE84727_3998579176_R06C02,GSE84727
GSE84727_3998609023_R01C01,GSE84727
GSE84727_3998609023_R01C02,GSE84727
GSE84727_3998609023_R02C02,GSE84727
GSE84727_3998609023_R03C01,GSE84727
GSE84727_3998609023_R03C02,GSE84727
GSE84727_3998609023_R04C01,GSE84727
GSE84727_3998609023_R04C02,GSE84727
GSE84727_3998609023_R05C01,GSE84727
GSE84727_3998609023_R05C02,GSE84727
GSE84727_3998609023_R06C01,GSE84727
GSE84727_3998609023_R06C02,GSE84727
GSE84727_3998609024_R01C02,GSE84727
GSE84727_3998609024_R02C01,GSE84727
GSE84727_3998609024_R02C02,GSE84727
GSE84727_3998609024_R03C01,GSE84727
GSE84727_3998609024_R03C02,GSE84727
GSE84727_3998609024_R04C02,GSE84727
GSE84727_3998609024_R05C01,GSE84727
GSE84727_3998609024_R06C01,GSE84727
GSE84727_3998609041_R01C02,GSE84727
GSE84727_3998609041_R02C01,GSE84727
GSE84727_3998609041_R03C01,GSE84727
GSE84727_3998609041_R04C01,GSE84727
GSE84727_3998609041_R06C01,GSE84727
GSE84727_3998609041_R06C02,GSE84727
GSE84727_3998609042_R01C01,GSE84727
GSE84727_3998609042_R01C02,GSE84727
GSE84727_3998609042_R02C01,GSE84727
GSE84727_3998609042_R03C01,GSE84727
GSE84727_3998609042_R03C02,GSE84727
GSE84727_3998609042_R04C01,GSE84727
GSE84727_3998609042_R04C02,GSE84727
GSE84727_3998609042_R05C01,GSE84727
GSE84727_3998609042_R05C02,GSE84727
GSE84727_3998609042_R06C01,GSE84727
GSE84727_3998609042_R06C02,GSE84727
GSE84727_3998634001_R01C01,GSE84727
GSE84727_3998634001_R01C02,GSE84727
GSE84727_3998634001_R02C01,GSE84727
GSE84727_3998634001_R02C02,GSE84727
GSE84727_3998634001_R03C01,GSE84727
GSE84727_3998634001_R03C02,GSE84727
GSE84727_3998634001_R04C01,GSE84727
GSE84727_3998634001_R04C02,GSE84727
GSE84727_3998634001_R05C01,GSE84727
GSE84727_3998634001_R05C02,GSE84727
GSE84727_3998634001_R06C01,GSE84727
GSE84727_3998634001_R06C02,GSE84727
GSE84727_3998634014_R01C01,GSE84727
GSE84727_3998634014_R01C02,GSE84727
GSE84727_3998634014_R02C01,GSE84727
GSE84727_3998634014_R02C02,GSE84727
GSE84727_3998634014_R03C01,GSE84727
GSE84727_3998634014_R04C01,GSE84727
GSE84727_3998634014_R05C01,GSE84727
GSE84727_3998634014_R05C02,GSE84727
GSE84727_3998634014_R06C02,GSE84727
GSE84727_3998634017_R01C01,GSE84727
GSE84727_3998634017_R01C02,GSE84727
GSE84727_3998634017_R02C02,GSE84727
GSE84727_3998634017_R03C01,GSE84727
GSE84727_3998634017_R04C01,GSE84727
GSE84727_3998634017_R04C02,GSE84727
GSE84727_3998634017_R05C02,GSE84727
GSE84727_3998634017_R06C01,GSE84727
GSE84727_3998634017_R06C02,GSE84727
GSE84727_3998634048_R01C01,GSE84727
GSE84727_3998634048_R01C02,GSE84727
GSE84727_3998634048_R02C01,GSE84727
GSE84727_3998634048_R02C02,GSE84727
GSE84727_3998634048_R03C01,GSE84727
GSE84727_3998634048_R03C02,GSE84727
GSE84727_3998634048_R04C02,GSE84727
GSE84727_3998634048_R05C01,GSE84727
GSE84727_3998634048_R06C02,GSE84727
GSE84727_3998919004_R01C01,GSE84727
GSE84727_3998919004_R02C01,GSE84727
GSE84727_3998919004_R02C02,GSE84727
GSE84727_3998919004_R03C01,GSE84727
GSE84727_3998919004_R04C01,GSE84727
GSE84727_3998919004_R04C02,GSE84727
GSE84727_3998919004_R05C01,GSE84727
GSE84727_3998919004_R05C02,GSE84727
GSE84727_3998919004_R06C02,GSE84727
GSE84727_3998928013_R01C02,GSE84727
GSE84727_3998928013_R02C02,GSE84727
GSE84727_3998928013_R03C01,GSE84727
GSE84727_3998928013_R04C01,GSE84727
GSE84727_3998928013_R04C02,GSE84727
GSE84727_3998928013_R05C01,GSE84727
GSE84727_3998928013_R05C02,GSE84727
GSE84727_3998928013_R06C01,GSE84727
GSE84727_3998928013_R06C02,GSE84727
GSE84727_3998928014_R01C01,GSE84727
GSE84727_3998928014_R02C01,GSE84727
GSE84727_3998928014_R02C02,GSE84727
GSE84727_3998928014_R03C01,GSE84727
GSE84727_3998928014_R05C01,GSE84727
GSE84727_3998928014_R05C02,GSE84727
GSE84727_3998928014_R06C01,GSE84727
GSE84727_3998928014_R06C02,GSE84727
GSE84727_3998928042_R01C01,GSE84727
GSE84727_3998928042_R01C02,GSE84727
GSE84727_3998928042_R02C01,GSE84727
GSE84727_3998928042_R02C02,GSE84727
GSE84727_3998928042_R03C02,GSE84727
GSE84727_3998928042_R05C01,GSE84727
GSE84727_3998928042_R05C02,GSE84727
GSE84727_3998928042_R06C02,GSE84727
GSE84727_3998928098_R01C01,GSE84727
GSE84727_3998928098_R01C02,GSE84727
GSE84727_3998928098_R02C01,GSE84727
GSE84727_3998928098_R02C02,GSE84727
GSE84727_3998928098_R03C01,GSE84727
GSE84727_3998928098_R03C02,GSE84727
GSE84727_3998928098_R04C02,GSE84727
GSE84727_3998928098_R05C01,GSE84727
GSE84727_3998928098_R06C02,GSE84727
GSE84727_3998928122_R01C01,GSE84727
GSE84727_3998928122_R01C02,GSE84727
GSE84727_3998928122_R02C01,GSE84727
GSE84727_3998928122_R02C02,GSE84727
GSE84727_3998928122_R03C02,GSE84727
GSE84727_3998928122_R04C01,GSE84727
GSE84727_3998928122_R04C02,GSE84727
GSE84727_3998928122_R05C01,GSE84727
GSE84727_3998928122_R06C02,GSE84727
GSE84727_3998928130_R02C01,GSE84727
GSE84727_3998928130_R03C01,GSE84727
GSE84727_3998928130_R03C02,GSE84727
GSE84727_3998928130_R04C01,GSE84727
GSE84727_3998928130_R04C02,GSE84727
GSE84727_3998928130_R05C01,GSE84727
GSE84727_3998928130_R05C02,GSE84727
GSE84727_3998928130_R06C01,GSE84727
GSE84727_3998952104_R01C01,GSE84727
GSE84727_3998952104_R01C02,GSE84727
GSE84727_3998952104_R02C01,GSE84727
GSE84727_3998952104_R02C02,GSE84727
GSE84727_3998952104_R03C02,GSE84727
GSE84727_3998952104_R04C01,GSE84727
GSE84727_3998952104_R04C02,GSE84727
GSE84727_3998952104_R05C01,GSE84727
GSE84727_3998952104_R06C02,GSE84727
GSE84727_3998998017_R04C02,GSE84727
GSE84727_3998998017_R05C01,GSE84727
GSE84727_3998998017_R06C02,GSE84727
GSE84727_3998998022_R02C02,GSE84727
GSE84727_3998998022_R03C02,GSE84727
GSE84727_3998998022_R04C02,GSE84727
GSE84727_3998998022_R05C01,GSE84727
GSE84727_3998998022_R06C01,GSE84727
GSE84727_3998998022_R06C02,GSE84727
GSE84727_3998998037_R01C01,GSE84727
GSE84727_3998998037_R01C02,GSE84727
GSE84727_3998998037_R03C01,GSE84727
GSE84727_3998998037_R03C02,GSE84727
GSE84727_3998998037_R04C01,GSE84727
GSE84727_3998998037_R04C02,GSE84727
GSE84727_3998998037_R05C01,GSE84727
GSE84727_3998998037_R05C02,GSE84727
GSE84727_3998998037_R06C01,GSE84727
GSE84727_3998998038_R01C01,GSE84727
GSE84727_3998998038_R02C01,GSE84727
GSE84727_3998998038_R04C01,GSE84727
GSE84727_3998998060_R04C02,GSE84727
GSE84727_3998998070_R01C02,GSE84727
GSE84727_3998998070_R04C01,GSE84727
GSE84727_3998998070_R04C02,GSE84727
GSE84727_3998998070_R05C01,GSE84727
GSE84727_3998998070_R05C02,GSE84727
GSE84727_3998998070_R06C01,GSE84727
GSE84727_3998998100_R02C02,GSE84727
GSE84727_3998998100_R05C01,GSE84727
GSE84727_3998998100_R05C02,GSE84727
GSE84727_3998998100_R06C01,GSE84727
GSE84727_3999215187_R01C02,GSE84727
GSE84727_3999215187_R02C01,GSE84727
GSE84727_3999215187_R02C02,GSE84727
GSE84727_3999215187_R03C01,GSE84727
GSE84727_3999215187_R04C01,GSE84727
GSE84727_3999215187_R04C02,GSE84727
GSE84727_3999215187_R05C02,GSE84727
GSE84727_3999215187_R06C01,GSE84727
GSE84727_3999215187_R06C02,GSE84727
GSE84727_3999215189_R01C01,GSE84727
GSE84727_3999215189_R01C02,GSE84727
GSE84727_3999215189_R02C01,GSE84727
GSE84727_3999215189_R02C02,GSE84727
GSE84727_3999215189_R03C01,GSE84727
GSE84727_3999215189_R04C01,GSE84727
GSE84727_3999215189_R05C01,GSE84727
GSE84727_3999215189_R05C02,GSE84727
GSE84727_3999215189_R06C01,GSE84727
GSE84727_3999215192_R01C01,GSE84727
GSE84727_3999215192_R02C01,GSE84727
GSE84727_3999215192_R02C02,GSE84727
GSE84727_3999215192_R03C01,GSE84727
GSE84727_3999215192_R04C02,GSE84727
GSE84727_3999215192_R06C01,GSE84727
GSE84727_3999215203_R01C02,GSE84727
GSE84727_3999215203_R02C01,GSE84727
GSE84727_3999215203_R02C02,GSE84727
GSE84727_3999215203_R03C01,GSE84727
GSE84727_3999215203_R03C02,GSE84727
GSE84727_3999215203_R04C01,GSE84727
GSE84727_3999215203_R05C01,GSE84727
GSE84727_3999215203_R05C02,GSE84727
GSE84727_3999215204_R01C01,GSE84727
GSE84727_3999215204_R01C02,GSE84727
GSE84727_3999215204_R02C02,GSE84727
GSE84727_3999215204_R03C01,GSE84727
GSE84727_3999215204_R03C02,GSE84727
GSE84727_3999215204_R04C02,GSE84727
GSE84727_3999215204_R06C01,GSE84727
GSE84727_3999215204_R06C02,GSE84727
GSE84727_3999215213_R01C01,GSE84727
GSE84727_3999215213_R01C02,GSE84727
GSE84727_3999215213_R02C01,GSE84727
GSE84727_3999215213_R02C02,GSE84727
GSE84727_3999215213_R03C01,GSE84727
GSE84727_3999215213_R03C02,GSE84727
GSE84727_3999215213_R04C01,GSE84727
GSE84727_3999215213_R05C01,GSE84727
GSE84727_3999215213_R05C02,GSE84727
GSE84727_3999215213_R06C02,GSE84727
GSE84727_3999356048_R01C02,GSE84727
GSE84727_3999356048_R02C01,GSE84727
GSE84727_3999356048_R03C01,GSE84727
GSE84727_3999356048_R03C02,GSE84727
GSE84727_3999356048_R04C01,GSE84727
GSE84727_3999356048_R04C02,GSE84727
GSE84727_3999442061_R01C01,GSE84727
GSE84727_3999442061_R01C02,GSE84727
GSE84727_3999442061_R03C01,GSE84727
GSE84727_3999442061_R03C02,GSE84727
GSE84727_3999442061_R05C01,GSE84727
GSE84727_3999442061_R05C02,GSE84727
GSE84727_3999442061_R06C01,GSE84727
GSE147221_200049730046_R01C01,GSE147221
GSE147221_200049730046_R01C02,GSE147221
GSE147221_200049730046_R02C01,GSE147221
GSE147221_200049730046_R02C02,GSE147221
GSE147221_200049730046_R03C01,GSE147221
GSE147221_200049730046_R03C02,GSE147221
GSE147221_200049730046_R04C01,GSE147221
GSE147221_200049730046_R04C02,GSE147221
GSE147221_200049730046_R05C01,GSE147221
GSE147221_200049730046_R05C02,GSE147221
GSE147221_200049730046_R06C01,GSE147221
GSE147221_200049730046_R06C02,GSE147221
GSE147221_200049730085_R01C01,GSE147221
GSE147221_200049730085_R01C02,GSE147221
GSE147221_200049730085_R02C01,GSE147221
GSE147221_200049730085_R02C02,GSE147221
GSE147221_200049730085_R03C01,GSE147221
GSE147221_200049730085_R03C02,GSE147221
GSE147221_200049730085_R04C01,GSE147221
GSE147221_200049730085_R04C02,GSE147221
GSE147221_200049730085_R05C01,GSE147221
GSE147221_200049730085_R05C02,GSE147221
GSE147221_200049730085_R06C01,GSE147221
GSE147221_200049730085_R06C02,GSE147221
GSE147221_200049730086_R01C01,GSE147221
GSE147221_200049730086_R02C01,GSE147221
GSE147221_200049730086_R02C02,GSE147221
GSE147221_200049730086_R03C01,GSE147221
GSE147221_200049730086_R03C02,GSE147221
GSE147221_200049730086_R04C01,GSE147221
GSE147221_200049730086_R04C02,GSE147221
GSE147221_200049730086_R05C01,GSE147221
GSE147221_200049730086_R05C02,GSE147221
GSE147221_200049730086_R06C01,GSE147221
GSE147221_200049730086_R06C02,GSE147221
GSE147221_200049730087_R01C01,GSE147221
GSE147221_200049730087_R01C02,GSE147221
GSE147221_200049730087_R02C01,GSE147221
GSE147221_200049730087_R02C02,GSE147221
GSE147221_200049730087_R03C01,GSE147221
GSE147221_200049730087_R03C02,GSE147221
GSE147221_200049730087_R04C01,GSE147221
GSE147221_200049730087_R04C02,GSE147221
GSE147221_200049730087_R05C01,GSE147221
GSE147221_200049730087_R05C02,GSE147221
GSE147221_200049730087_R06C01,GSE147221
GSE147221_200049730087_R06C02,GSE147221
GSE147221_200049730089_R01C01,GSE147221
GSE147221_200049730089_R01C02,GSE147221
GSE147221_200049730089_R02C01,GSE147221
GSE147221_200049730089_R02C02,GSE147221
GSE147221_200049730089_R03C01,GSE147221
GSE147221_200049730089_R03C02,GSE147221
GSE147221_200049730089_R04C01,GSE147221
GSE147221_200049730089_R04C02,GSE147221
GSE147221_200049730089_R05C01,GSE147221
GSE147221_200049730089_R05C02,GSE147221
GSE147221_200049730089_R06C01,GSE147221
GSE147221_200049730089_R06C02,GSE147221
GSE147221_200049730097_R01C01,GSE147221
GSE147221_200049730097_R02C01,GSE147221
GSE147221_200049730097_R02C02,GSE147221
GSE147221_200049730097_R03C01,GSE147221
GSE147221_200049730097_R03C02,GSE147221
GSE147221_200049730097_R04C01,GSE147221
GSE147221_200049730097_R04C02,GSE147221
GSE147221_200049730097_R05C01,GSE147221
GSE147221_200049730097_R05C02,GSE147221
GSE147221_200049730097_R06C01,GSE147221
GSE147221_200049730097_R06C02,GSE147221
GSE147221_200049730098_R01C01,GSE147221
GSE147221_200049730098_R01C02,GSE147221
GSE147221_200049730098_R02C01,GSE147221
GSE147221_200049730098_R02C02,GSE147221
GSE147221_200049730098_R03C02,GSE147221
GSE147221_200049730098_R04C01,GSE147221
GSE147221_200049730098_R04C02,GSE147221
GSE147221_200049730098_R05C01,GSE147221
GSE147221_200049730098_R05C02,GSE147221
GSE147221_200049730098_R06C02,GSE147221
GSE147221_200049730099_R01C02,GSE147221
GSE147221_200049730099_R02C01,GSE147221
GSE147221_200049730099_R02C02,GSE147221
GSE147221_200049730099_R03C01,GSE147221
GSE147221_200049730099_R03C02,GSE147221
GSE147221_200049730099_R04C01,GSE147221
GSE147221_200049730099_R05C01,GSE147221
GSE147221_200049730099_R05C02,GSE147221
GSE147221_200049730099_R06C01,GSE147221
GSE147221_200049730099_R06C02,GSE147221
GSE147221_200049730101_R01C01,GSE147221
GSE147221_200049730101_R01C02,GSE147221
GSE147221_200049730101_R02C01,GSE147221
GSE147221_200049730101_R02C02,GSE147221
GSE147221_200049730101_R03C01,GSE147221
GSE147221_200049730101_R03C02,GSE147221
GSE147221_200049730101_R04C01,GSE147221
GSE147221_200049730101_R04C02,GSE147221
GSE147221_200049730101_R05C02,GSE147221
GSE147221_200049730101_R06C01,GSE147221
GSE147221_200049730101_R06C02,GSE147221
GSE147221_200049730102_R01C01,GSE147221
GSE147221_200049730102_R01C02,GSE147221
GSE147221_200049730102_R02C01,GSE147221
GSE147221_200049730102_R02C02,GSE147221
GSE147221_200049730102_R03C01,GSE147221
GSE147221_200049730102_R03C02,GSE147221
GSE147221_200049730102_R04C01,GSE147221
GSE147221_200049730102_R04C02,GSE147221
GSE147221_200049730102_R05C01,GSE147221
GSE147221_200049730102_R05C02,GSE147221
GSE147221_200049730102_R06C01,GSE147221
GSE147221_200049730102_R06C02,GSE147221
GSE147221_200049730104_R01C01,GSE147221
GSE147221_200049730104_R01C02,GSE147221
GSE147221_200049730104_R02C01,GSE147221
GSE147221_200049730104_R02C02,GSE147221
GSE147221_200049730104_R03C01,GSE147221
GSE147221_200049730104_R03C02,GSE147221
GSE147221_200049730104_R04C01,GSE147221
GSE147221_200049730104_R04C02,GSE147221
GSE147221_200049730104_R05C01,GSE147221
GSE147221_200049730104_R05C02,GSE147221
GSE147221_200049730104_R06C01,GSE147221
GSE147221_200049730104_R06C02,GSE147221
GSE147221_200049730105_R01C01,GSE147221
GSE147221_200049730105_R01C02,GSE147221
GSE147221_200049730105_R02C01,GSE147221
GSE147221_200049730105_R02C02,GSE147221
GSE147221_200049730105_R03C01,GSE147221
GSE147221_200049730105_R03C02,GSE147221
GSE147221_200049730105_R04C01,GSE147221
GSE147221_200049730105_R04C02,GSE147221
GSE147221_200049730105_R05C01,GSE147221
GSE147221_200049730105_R05C02,GSE147221
GSE147221_200049730105_R06C01,GSE147221
GSE147221_200049730105_R06C02,GSE147221
GSE147221_200049730116_R01C01,GSE147221
GSE147221_200049730116_R01C02,GSE147221
GSE147221_200049730116_R02C01,GSE147221
GSE147221_200049730116_R02C02,GSE147221
GSE147221_200049730116_R03C01,GSE147221
GSE147221_200049730116_R03C02,GSE147221
GSE147221_200049730116_R04C01,GSE147221
GSE147221_200049730116_R04C02,GSE147221
GSE147221_200049730116_R05C01,GSE147221
GSE147221_200049730116_R05C02,GSE147221
GSE147221_200049730116_R06C01,GSE147221
GSE147221_200049730116_R06C02,GSE147221
GSE147221_200049730117_R01C01,GSE147221
GSE147221_200049730117_R01C02,GSE147221
GSE147221_200049730117_R02C01,GSE147221
GSE147221_200049730117_R02C02,GSE147221
GSE147221_200049730117_R03C01,GSE147221
GSE147221_200049730117_R03C02,GSE147221
GSE147221_200049730117_R04C01,GSE147221
GSE147221_200049730117_R04C02,GSE147221
GSE147221_200049730117_R05C01,GSE147221
GSE147221_200049730117_R05C02,GSE147221
GSE147221_200049730117_R06C01,GSE147221
GSE147221_200049730117_R06C02,GSE147221
GSE147221_200049730138_R01C01,GSE147221
GSE147221_200049730138_R01C02,GSE147221
GSE147221_200049730138_R02C01,GSE147221
GSE147221_200049730138_R02C02,GSE147221
GSE147221_200049730138_R03C01,GSE147221
GSE147221_200049730138_R03C02,GSE147221
GSE147221_200049730138_R04C01,GSE147221
GSE147221_200049730138_R04C02,GSE147221
GSE147221_200049730138_R05C01,GSE147221
GSE147221_200049730138_R05C02,GSE147221
GSE147221_200049730138_R06C01,GSE147221
GSE147221_200049730138_R06C02,GSE147221
GSE147221_200049730149_R01C01,GSE147221
GSE147221_200049730149_R01C02,GSE147221
GSE147221_200049730149_R02C01,GSE147221
GSE147221_200049730149_R02C02,GSE147221
GSE147221_200049730149_R03C01,GSE147221
GSE147221_200049730149_R03C02,GSE147221
GSE147221_200049730149_R04C01,GSE147221
GSE147221_200049730149_R04C02,GSE147221
GSE147221_200049730149_R05C01,GSE147221
GSE147221_200049730149_R05C02,GSE147221
GSE147221_200049730149_R06C01,GSE147221
GSE147221_200049730149_R06C02,GSE147221
GSE147221_200090280030_R01C01,GSE147221
GSE147221_200090280030_R01C02,GSE147221
GSE147221_200090280030_R02C01,GSE147221
GSE147221_200090280030_R02C02,GSE147221
GSE147221_200090280030_R03C01,GSE147221
GSE147221_200090280030_R03C02,GSE147221
GSE147221_200090280030_R04C01,GSE147221
GSE147221_200090280030_R04C02,GSE147221
GSE147221_200090280030_R05C01,GSE147221
GSE147221_200090280030_R05C02,GSE147221
GSE147221_200090280030_R06C01,GSE147221
GSE147221_200090280030_R06C02,GSE147221
GSE147221_200090280066_R01C01,GSE147221
GSE147221_200090280066_R01C02,GSE147221
GSE147221_200090280066_R02C01,GSE147221
GSE147221_200090280066_R02C02,GSE147221
GSE147221_200090280066_R03C01,GSE147221
GSE147221_200090280066_R03C02,GSE147221
GSE147221_200090280066_R04C01,GSE147221
GSE147221_200090280066_R04C02,GSE147221
GSE147221_200090280066_R05C01,GSE147221
GSE147221_200090280066_R05C02,GSE147221
GSE147221_200090280066_R06C01,GSE147221
GSE147221_200090280066_R06C02,GSE147221
GSE147221_200090280090_R02C01,GSE147221
GSE147221_200090280090_R02C02,GSE147221
GSE147221_200090280090_R03C01,GSE147221
GSE147221_200090280090_R03C02,GSE147221
GSE147221_200090280090_R04C01,GSE147221
GSE147221_200090280090_R04C02,GSE147221
GSE147221_200090280090_R05C01,GSE147221
GSE147221_200090280090_R05C02,GSE147221
GSE147221_200090280090_R06C01,GSE147221
GSE147221_200090280090_R06C02,GSE147221
GSE147221_200090280119_R01C01,GSE147221
GSE147221_200090280119_R01C02,GSE147221
GSE147221_200090280119_R02C01,GSE147221
GSE147221_200090280119_R02C02,GSE147221
GSE147221_200090280119_R03C01,GSE147221
GSE147221_200090280119_R04C01,GSE147221
GSE147221_200090280119_R04C02,GSE147221
GSE147221_200090280119_R05C01,GSE147221
GSE147221_200090280119_R05C02,GSE147221
GSE147221_200090280119_R06C01,GSE147221
GSE147221_200090280119_R06C02,GSE147221
GSE147221_200090280120_R01C01,GSE147221
GSE147221_200090280120_R01C02,GSE147221
GSE147221_200090280120_R02C01,GSE147221
GSE147221_200090280120_R02C02,GSE147221
GSE147221_200090280120_R03C01,GSE147221
GSE147221_200090280120_R04C01,GSE147221
GSE147221_200090280120_R04C02,GSE147221
GSE147221_200090280120_R05C01,GSE147221
GSE147221_200090280120_R05C02,GSE147221
GSE147221_200090280120_R06C01,GSE147221
GSE147221_200090280120_R06C02,GSE147221
GSE147221_200090280126_R01C01,GSE147221
GSE147221_200090280126_R01C02,GSE147221
GSE147221_200090280126_R02C01,GSE147221
GSE147221_200090280126_R02C02,GSE147221
GSE147221_200090280126_R03C01,GSE147221
GSE147221_200090280126_R03C02,GSE147221
GSE147221_200090280126_R04C01,GSE147221
GSE147221_200090280126_R04C02,GSE147221
GSE147221_200090280126_R05C01,GSE147221
GSE147221_200090280126_R05C02,GSE147221
GSE147221_200090280126_R06C01,GSE147221
GSE147221_200090280126_R06C02,GSE147221
GSE147221_200090280128_R01C01,GSE147221
GSE147221_200090280128_R01C02,GSE147221
GSE147221_200090280128_R02C01,GSE147221
GSE147221_200090280128_R02C02,GSE147221
GSE147221_200090280128_R03C01,GSE147221
GSE147221_200090280128_R03C02,GSE147221
GSE147221_200090280128_R04C01,GSE147221
GSE147221_200090280128_R04C02,GSE147221
GSE147221_200090280128_R05C01,GSE147221
GSE147221_200090280128_R05C02,GSE147221
GSE147221_200090280128_R06C01,GSE147221
GSE147221_200090280128_R06C02,GSE147221
GSE147221_200090280129_R01C01,GSE147221
GSE147221_200090280129_R01C02,GSE147221
GSE147221_200090280129_R02C01,GSE147221
GSE147221_200090280129_R03C01,GSE147221
GSE147221_200090280129_R03C02,GSE147221
GSE147221_200090280129_R04C01,GSE147221
GSE147221_200090280129_R04C02,GSE147221
GSE147221_200090280129_R05C01,GSE147221
GSE147221_200090280129_R05C02,GSE147221
GSE147221_200090280129_R06C01,GSE147221
GSE147221_200090280129_R06C02,GSE147221
GSE147221_200379120002_R01C01,GSE147221
GSE147221_200379120002_R01C02,GSE147221
GSE147221_200379120002_R02C01,GSE147221
GSE147221_200379120002_R02C02,GSE147221
GSE147221_200379120002_R03C01,GSE147221
GSE147221_200379120002_R03C02,GSE147221
GSE147221_200379120002_R04C01,GSE147221
GSE147221_200379120002_R04C02,GSE147221
GSE147221_200379120002_R05C02,GSE147221
GSE147221_200379120002_R06C02,GSE147221
GSE147221_200379120008_R01C01,GSE147221
GSE147221_200379120008_R01C02,GSE147221
GSE147221_200379120008_R02C01,GSE147221
GSE147221_200379120008_R02C02,GSE147221
GSE147221_200379120008_R03C01,GSE147221
GSE147221_200379120008_R03C02,GSE147221
GSE147221_200379120008_R04C01,GSE147221
GSE147221_200379120008_R04C02,GSE147221
GSE147221_200379120008_R05C01,GSE147221
GSE147221_200379120008_R05C02,GSE147221
GSE147221_200379120008_R06C01,GSE147221
GSE147221_200379120008_R06C02,GSE147221
GSE147221_200379120009_R01C01,GSE147221
GSE147221_200379120009_R01C02,GSE147221
GSE147221_200379120009_R02C01,GSE147221
GSE147221_200379120009_R02C02,GSE147221
GSE147221_200379120009_R03C01,GSE147221
GSE147221_200379120009_R04C01,GSE147221
GSE147221_200379120009_R04C02,GSE147221
GSE147221_200379120009_R05C01,GSE147221
GSE147221_200379120009_R06C01,GSE147221
GSE147221_200379120009_R06C02,GSE147221
GSE147221_200379120013_R01C01,GSE147221
GSE147221_200379120013_R01C02,GSE147221
GSE147221_200379120013_R02C01,GSE147221
GSE147221_200379120013_R02C02,GSE147221
GSE147221_200379120013_R03C01,GSE147221
GSE147221_200379120013_R03C02,GSE147221
GSE147221_200379120013_R04C01,GSE147221
GSE147221_200379120013_R04C02,GSE147221
GSE147221_200379120013_R05C02,GSE147221
GSE147221_200379120013_R06C01,GSE147221
GSE147221_200379120013_R06C02,GSE147221
GSE147221_200379120017_R01C01,GSE147221
GSE147221_200379120017_R01C02,GSE147221
GSE147221_200379120017_R02C01,GSE147221
GSE147221_200379120017_R02C02,GSE147221
GSE147221_200379120017_R03C01,GSE147221
GSE147221_200379120017_R04C01,GSE147221
GSE147221_200379120017_R05C01,GSE147221
GSE147221_200379120017_R05C02,GSE147221
GSE147221_200379120017_R06C01,GSE147221
GSE147221_200379120017_R06C02,GSE147221
GSE147221_200379120018_R01C02,GSE147221
GSE147221_200379120018_R02C01,GSE147221
GSE147221_200379120018_R02C02,GSE147221
GSE147221_200379120018_R03C01,GSE147221
GSE147221_200379120018_R03C02,GSE147221
GSE147221_200379120018_R04C01,GSE147221
GSE147221_200379120018_R04C02,GSE147221
GSE147221_200379120018_R05C01,GSE147221
GSE147221_200379120018_R05C02,GSE147221
GSE147221_200379120018_R06C01,GSE147221
GSE147221_200379120018_R06C02,GSE147221
GSE147221_200379120023_R01C01,GSE147221
GSE147221_200379120023_R01C02,GSE147221
GSE147221_200379120023_R02C02,GSE147221
GSE147221_200379120023_R03C01,GSE147221
GSE147221_200379120023_R03C02,GSE147221
GSE147221_200379120023_R04C01,GSE147221
GSE147221_200379120023_R04C02,GSE147221
GSE147221_200379120023_R05C02,GSE147221
GSE147221_200379120023_R06C01,GSE147221
GSE147221_200379120023_R06C02,GSE147221
GSE147221_200379120027_R01C01,GSE147221
GSE147221_200379120027_R01C02,GSE147221
GSE147221_200379120027_R02C01,GSE147221
GSE147221_200379120027_R02C02,GSE147221
GSE147221_200379120027_R03C01,GSE147221
GSE147221_200379120027_R03C02,GSE147221
GSE147221_200379120027_R04C02,GSE147221
GSE147221_200379120027_R05C01,GSE147221
GSE147221_200379120027_R05C02,GSE147221
GSE147221_200379120027_R06C01,GSE147221
GSE147221_200379120027_R06C02,GSE147221
GSE147221_200379120028_R01C01,GSE147221
GSE147221_200379120028_R01C02,GSE147221
GSE147221_200379120028_R02C01,GSE147221
GSE147221_200379120028_R02C02,GSE147221
GSE147221_200379120028_R03C01,GSE147221
GSE147221_200379120028_R03C02,GSE147221
GSE147221_200379120028_R04C01,GSE147221
GSE147221_200379120028_R04C02,GSE147221
GSE147221_200379120028_R05C01,GSE147221
GSE147221_200379120028_R05C02,GSE147221
GSE147221_200379120028_R06C01,GSE147221
GSE147221_200379120030_R01C01,GSE147221
GSE147221_200379120030_R02C01,GSE147221
GSE147221_200379120030_R02C02,GSE147221
GSE147221_200379120030_R03C01,GSE147221
GSE147221_200379120030_R03C02,GSE147221
GSE147221_200379120030_R04C01,GSE147221
GSE147221_200379120030_R04C02,GSE147221
GSE147221_200379120030_R05C01,GSE147221
GSE147221_200379120030_R05C02,GSE147221
GSE147221_200379120030_R06C01,GSE147221
GSE147221_200379120030_R06C02,GSE147221
GSE147221_200379120042_R01C01,GSE147221
GSE147221_200379120042_R01C02,GSE147221
GSE147221_200379120042_R02C01,GSE147221
GSE147221_200379120042_R02C02,GSE147221
GSE147221_200379120042_R03C01,GSE147221
GSE147221_200379120042_R03C02,GSE147221
GSE147221_200379120042_R04C01,GSE147221
GSE147221_200379120042_R04C02,GSE147221
GSE147221_200379120042_R05C01,GSE147221
GSE147221_200379120042_R05C02,GSE147221
GSE147221_200379120042_R06C01,GSE147221
GSE147221_200379120042_R06C02,GSE147221
GSE147221_200379120053_R02C01,GSE147221
GSE147221_200379120053_R02C02,GSE147221
GSE147221_200379120053_R03C01,GSE147221
GSE147221_200379120053_R03C02,GSE147221
GSE147221_200379120053_R04C01,GSE147221
GSE147221_200379120053_R04C02,GSE147221
GSE147221_200379120053_R05C02,GSE147221
GSE147221_200379120053_R06C01,GSE147221
GSE147221_200379120053_R06C02,GSE147221
GSE147221_200379120054_R01C01,GSE147221
GSE147221_200379120054_R01C02,GSE147221
GSE147221_200379120054_R02C01,GSE147221
GSE147221_200379120054_R02C02,GSE147221
GSE147221_200379120054_R03C02,GSE147221
GSE147221_200379120054_R04C01,GSE147221
GSE147221_200379120054_R04C02,GSE147221
GSE147221_200379120054_R05C01,GSE147221
GSE147221_200379120054_R05C02,GSE147221
GSE147221_200379120054_R06C01,GSE147221
GSE147221_200379120054_R06C02,GSE147221
GSE147221_200379120057_R01C01,GSE147221
GSE147221_200379120057_R02C01,GSE147221
GSE147221_200379120057_R02C02,GSE147221
GSE147221_200379120057_R03C01,GSE147221
GSE147221_200379120057_R03C02,GSE147221
GSE147221_200379120057_R04C01,GSE147221
GSE147221_200379120057_R04C02,GSE147221
GSE147221_200379120057_R05C01,GSE147221
GSE147221_200379120057_R05C02,GSE147221
GSE147221_200379120057_R06C01,GSE147221
GSE147221_200379120057_R06C02,GSE147221
GSE147221_200379120058_R01C01,GSE147221
GSE147221_200379120058_R01C02,GSE147221
GSE147221_200379120058_R02C01,GSE147221
GSE147221_200379120058_R02C02,GSE147221
GSE147221_200379120058_R03C01,GSE147221
GSE147221_200379120058_R03C02,GSE147221
GSE147221_200379120058_R04C01,GSE147221
GSE147221_200379120058_R04C02,GSE147221
GSE147221_200379120058_R05C02,GSE147221
GSE147221_200379120058_R06C01,GSE147221
GSE147221_200379120058_R06C02,GSE147221
GSE147221_200379120065_R01C01,GSE147221
GSE147221_200379120065_R01C02,GSE147221
GSE147221_200379120065_R02C01,GSE147221
GSE147221_200379120065_R02C02,GSE147221
GSE147221_200379120065_R03C01,GSE147221
GSE147221_200379120065_R03C02,GSE147221
GSE147221_200379120065_R04C01,GSE147221
GSE147221_200379120065_R04C02,GSE147221
GSE147221_200379120065_R05C01,GSE147221
GSE147221_200379120065_R05C02,GSE147221
GSE147221_200379120065_R06C01,GSE147221
GSE147221_200379120065_R06C02,GSE147221
GSE147221_200379120066_R01C01,GSE147221
GSE147221_200379120066_R01C02,GSE147221
GSE147221_200379120066_R02C01,GSE147221
GSE147221_200379120066_R02C02,GSE147221
GSE147221_200379120066_R03C01,GSE147221
GSE147221_200379120066_R03C02,GSE147221
GSE147221_200379120066_R04C01,GSE147221
GSE147221_200379120066_R05C01,GSE147221
GSE147221_200379120066_R05C02,GSE147221
GSE147221_200379120066_R06C01,GSE147221
GSE147221_200379120066_R06C02,GSE147221
GSE147221_200379120082_R01C02,GSE147221
GSE147221_200379120082_R02C01,GSE147221
GSE147221_200379120082_R02C02,GSE147221
GSE147221_200379120082_R03C01,GSE147221
GSE147221_200379120082_R03C02,GSE147221
GSE147221_200379120082_R04C01,GSE147221
GSE147221_200379120082_R04C02,GSE147221
GSE147221_200379120082_R05C01,GSE147221
GSE147221_200379120082_R05C02,GSE147221
GSE147221_200379120082_R06C01,GSE147221
GSE147221_200379120082_R06C02,GSE147221
GSE147221_200379120083_R01C01,GSE147221
GSE147221_200379120083_R01C02,GSE147221
GSE147221_200379120083_R02C01,GSE147221
GSE147221_200379120083_R02C02,GSE147221
GSE147221_200379120083_R03C01,GSE147221
GSE147221_200379120083_R03C02,GSE147221
GSE147221_200379120083_R04C01,GSE147221
GSE147221_200379120083_R04C02,GSE147221
GSE147221_200379120083_R05C01,GSE147221
GSE147221_200379120083_R05C02,GSE147221
GSE147221_200379120083_R06C01,GSE147221
GSE147221_200379120083_R06C02,GSE147221
GSE147221_200379120092_R01C01,GSE147221
GSE147221_200379120092_R02C01,GSE147221
GSE147221_200379120092_R02C02,GSE147221
GSE147221_200379120092_R03C01,GSE147221
GSE147221_200379120092_R03C02,GSE147221
GSE147221_200379120092_R04C01,GSE147221
GSE147221_200379120092_R04C02,GSE147221
GSE147221_200379120092_R05C02,GSE147221
GSE147221_200379120112_R02C01,GSE147221
GSE147221_200379120112_R02C02,GSE147221
GSE147221_200379120112_R03C01,GSE147221
GSE147221_200379120112_R03C02,GSE147221
GSE147221_200379120112_R04C01,GSE147221
GSE147221_200379120112_R04C02,GSE147221
GSE147221_200379120112_R05C01,GSE147221
GSE147221_200379120112_R05C02,GSE147221
GSE147221_200379120112_R06C02,GSE147221
GSE147221_200379120129_R01C01,GSE147221
GSE147221_200379120129_R01C02,GSE147221
GSE147221_200379120129_R02C01,GSE147221
GSE147221_200379120129_R02C02,GSE147221
GSE147221_200379120129_R03C01,GSE147221
GSE147221_200379120129_R03C02,GSE147221
GSE147221_200379120129_R04C02,GSE147221
GSE147221_200379120129_R05C01,GSE147221
GSE147221_200379120129_R05C02,GSE147221
GSE147221_200379120129_R06C01,GSE147221
GSE147221_200379120129_R06C02,GSE147221
GSE147221_200379120132_R01C02,GSE147221
GSE147221_200379120132_R02C02,GSE147221
GSE147221_200379120132_R04C01,GSE147221
GSE147221_200379120132_R04C02,GSE147221
GSE147221_200379120132_R05C01,GSE147221
GSE147221_200379120132_R05C02,GSE147221
GSE147221_200379120132_R06C01,GSE147221
GSE147221_200379120132_R06C02,GSE147221
GSE147221_200379120133_R01C01,GSE147221
GSE147221_200379120133_R01C02,GSE147221
GSE147221_200379120133_R02C01,GSE147221
GSE147221_200379120133_R02C02,GSE147221
GSE147221_200379120133_R03C01,GSE147221
GSE147221_200379120133_R03C02,GSE147221
GSE147221_200379120133_R04C01,GSE147221
GSE147221_200379120133_R04C02,GSE147221
GSE147221_200379120133_R05C01,GSE147221
GSE147221_200379120133_R06C01,GSE147221
GSE147221_200379120133_R06C02,GSE147221
GSE147221_200379120147_R01C02,GSE147221
GSE147221_200379120147_R02C01,GSE147221
GSE147221_200379120147_R02C02,GSE147221
GSE147221_200379120147_R03C01,GSE147221
GSE147221_200379120147_R03C02,GSE147221
GSE147221_200379120147_R04C01,GSE147221
GSE147221_200379120147_R05C01,GSE147221
GSE147221_200379120147_R05C02,GSE147221
GSE147221_200379120147_R06C01,GSE147221
GSE147221_200379120147_R06C02,GSE147221
GSE147221_200379120154_R01C01,GSE147221
GSE147221_200379120154_R01C02,GSE147221
GSE147221_200379120154_R02C01,GSE147221
GSE147221_200379120154_R02C02,GSE147221
GSE147221_200379120154_R03C01,GSE147221
GSE147221_200379120154_R03C02,GSE147221
GSE147221_200379120154_R04C01,GSE147221
GSE147221_200379120154_R04C02,GSE147221
GSE147221_200379120154_R05C01,GSE147221
GSE147221_200379120154_R05C02,GSE147221
GSE147221_200379120154_R06C01,GSE147221
GSE147221_200379120154_R06C02,GSE147221
GSE147221_200379120155_R01C02,GSE147221
GSE147221_200379120155_R02C02,GSE147221
GSE147221_200379120155_R04C02,GSE147221
GSE147221_200379120155_R05C01,GSE147221
GSE147221_200379120155_R05C02,GSE147221
GSE147221_200379120155_R06C01,GSE147221
GSE147221_200379120155_R06C02,GSE147221
GSE147221_200379120156_R01C01,GSE147221
GSE147221_200379120156_R02C01,GSE147221
GSE147221_200379120156_R02C02,GSE147221
GSE147221_200379120156_R03C01,GSE147221
GSE147221_200379120156_R03C02,GSE147221
GSE147221_200379120156_R04C01,GSE147221
GSE147221_200379120156_R04C02,GSE147221
GSE147221_200379120156_R05C01,GSE147221
GSE147221_200379120156_R05C02,GSE147221
GSE147221_200379120156_R06C01,GSE147221
GSE147221_200379120156_R06C02,GSE147221
GSE147221_200397540038_R01C01,GSE147221
GSE147221_200397540038_R01C02,GSE147221
GSE147221_200397540038_R02C01,GSE147221
GSE147221_200397540038_R02C02,GSE147221
GSE147221_200397540038_R03C01,GSE147221
GSE147221_200397540038_R03C02,GSE147221
GSE147221_200397540038_R04C01,GSE147221
GSE147221_200397540038_R04C02,GSE147221
GSE147221_200397540038_R05C01,GSE147221
GSE147221_200397540038_R05C02,GSE147221
GSE147221_200397540038_R06C01,GSE147221
GSE147221_200397540038_R06C02,GSE147221
GSE147221_200397540049_R01C01,GSE147221
GSE147221_200397540049_R01C02,GSE147221
GSE147221_200397540049_R02C01,GSE147221
GSE147221_200397540049_R02C02,GSE147221
GSE147221_200397540049_R03C01,GSE147221
GSE147221_200397540049_R03C02,GSE147221
GSE147221_200397540049_R04C01,GSE147221
GSE147221_200397540049_R04C02,GSE147221
GSE147221_200397540049_R05C01,GSE147221
GSE147221_200397540049_R05C02,GSE147221
GSE147221_200397540049_R06C01,GSE147221
GSE147221_200397540049_R06C02,GSE147221
GSE147221_200397540051_R01C01,GSE147221
GSE147221_200397540051_R01C02,GSE147221
GSE147221_200397540051_R02C01,GSE147221
GSE147221_200397540051_R02C02,GSE147221
GSE147221_200397540051_R03C01,GSE147221
GSE147221_200397540051_R03C02,GSE147221
GSE147221_200397540051_R04C01,GSE147221
GSE147221_200397540051_R04C02,GSE147221
GSE147221_200397540051_R05C01,GSE147221
GSE147221_200397540051_R05C02,GSE147221
GSE147221_200397540051_R06C01,GSE147221
GSE147221_200397540051_R06C02,GSE147221
GSE147221_200397540086_R01C01,GSE147221
GSE147221_200397540086_R01C02,GSE147221
GSE147221_200397540086_R02C02,GSE147221
GSE147221_200397540086_R03C01,GSE147221
GSE147221_200397540086_R04C01,GSE147221
GSE147221_200397540086_R04C02,GSE147221
GSE147221_200397540086_R05C01,GSE147221
GSE147221_200397540086_R05C02,GSE147221
GSE147221_200397540086_R06C01,GSE147221
GSE147221_200397540086_R06C02,GSE147221
GSE147221_3998998121_R01C01,GSE147221
GSE147221_3998998121_R01C02,GSE147221
GSE147221_3998998121_R02C01,GSE147221
GSE147221_3998998121_R02C02,GSE147221
GSE147221_3998998121_R03C01,GSE147221
GSE147221_3998998121_R03C02,GSE147221
GSE147221_3998998121_R04C01,GSE147221
GSE147221_3998998121_R04C02,GSE147221
GSE147221_3998998121_R05C02,GSE147221
GSE147221_3998998121_R06C01,GSE147221
GSE147221_3998998121_R06C02,GSE147221
GSE147221_3998998140_R01C01,GSE147221
GSE147221_3998998140_R01C02,GSE147221
GSE147221_3998998140_R02C01,GSE147221
GSE147221_3998998140_R02C02,GSE147221
GSE147221_3998998140_R03C02,GSE147221
GSE147221_3998998140_R04C01,GSE147221
GSE147221_3998998140_R04C02,GSE147221
GSE147221_3998998140_R05C01,GSE147221
GSE147221_3998998140_R05C02,GSE147221
GSE147221_3998998140_R06C01,GSE147221
GSE147221_3998998140_R06C02,GSE147221
GSE147221_3998998211_R01C01,GSE147221
GSE147221_3998998211_R01C02,GSE147221
GSE147221_3998998211_R02C01,GSE147221
GSE147221_3998998211_R02C02,GSE147221
GSE147221_3998998211_R03C01,GSE147221
GSE147221_3998998211_R03C02,GSE147221
GSE147221_3998998211_R04C01,GSE147221
GSE147221_3998998211_R04C02,GSE147221
GSE147221_3998998211_R05C01,GSE147221
GSE147221_3998998211_R05C02,GSE147221
GSE147221_3998998211_R06C01,GSE147221
GSE147221_3998998211_R06C02,GSE147221
GSE147221_3998998212_R01C01,GSE147221
GSE147221_3998998212_R01C02,GSE147221
GSE147221_3998998212_R02C01,GSE147221
GSE147221_3998998212_R02C02,GSE147221
GSE147221_3998998212_R03C01,GSE147221
GSE147221_3998998212_R03C02,GSE147221
GSE147221_3998998212_R04C01,GSE147221
GSE147221_3998998212_R04C02,GSE147221
GSE147221_3998998212_R05C01,GSE147221
GSE147221_3998998212_R05C02,GSE147221
GSE147221_3998998212_R06C01,GSE147221
GSE147221_3998998212_R06C02,GSE147221
GSE152027_10003885059_R02C01,GSE152027
GSE152027_10003885063_R02C01,GSE152027
GSE152027_10003885063_R06C01,GSE152027
GSE152027_10003885069_R03C01,GSE152027
GSE152027_10003885069_R03C02,GSE152027
GSE152027_10003885069_R06C02,GSE152027
GSE152027_10003885082_R01C02,GSE152027
GSE152027_10003885082_R02C01,GSE152027
GSE152027_10003885082_R03C01,GSE152027
GSE152027_10003886072_R03C01,GSE152027
GSE152027_10003886072_R03C02,GSE152027
GSE152027_10003886121_R02C01,GSE152027
GSE152027_10003886128_R01C01,GSE152027
GSE152027_10003886128_R03C02,GSE152027
GSE152027_10003886128_R04C02,GSE152027
GSE152027_10003886140_R03C01,GSE152027
GSE152027_10003886140_R03C02,GSE152027
GSE152027_10003886140_R05C01,GSE152027
GSE152027_10003886240_R02C01,GSE152027
GSE152027_10003886240_R02C02,GSE152027
GSE152027_10003886240_R06C02,GSE152027
GSE152027_10005771153_R05C02,GSE152027
GSE152027_10005771153_R06C02,GSE152027
GSE152027_10005833019_R01C02,GSE152027
GSE152027_10005833019_R04C01,GSE152027
GSE152027_10005833054_R01C01,GSE152027
GSE152027_10005833054_R02C01,GSE152027
GSE152027_10005833054_R06C01,GSE152027
GSE152027_10005833086_R03C01,GSE152027
GSE152027_10005833086_R06C01,GSE152027
GSE152027_10005833086_R06C02,GSE152027
GSE152027_10005833128_R03C02,GSE152027
GSE152027_10005833128_R04C01,GSE152027
GSE152027_10005833136_R01C02,GSE152027
GSE152027_10005833136_R02C01,GSE152027
GSE152027_10005833136_R05C02,GSE152027
GSE152027_10005833137_R01C02,GSE152027
GSE152027_10005833137_R04C01,GSE152027
GSE152027_10005833142_R03C02,GSE152027
GSE152027_10005833142_R04C02,GSE152027
GSE152027_10005833142_R05C02,GSE152027
GSE152027_10005839096_R01C02,GSE152027
GSE152027_10005839096_R03C01,GSE152027
GSE152027_10005839096_R05C01,GSE152027
GSE152027_10005839110_R02C01,GSE152027
GSE152027_10005839110_R02C02,GSE152027
GSE152027_10005839110_R06C02,GSE152027
GSE152027_10005839118_R05C02,GSE152027
GSE152027_10005839118_R06C01,GSE152027
GSE152027_10005839145_R01C01,GSE152027
GSE152027_10005839145_R01C02,GSE152027
GSE152027_10005839150_R05C01,GSE152027
GSE152027_10005839150_R05C02,GSE152027
GSE152027_10005839151_R02C02,GSE152027
GSE152027_10005839151_R03C02,GSE152027
GSE152027_10005839151_R04C02,GSE152027
GSE152027_10005839158_R02C01,GSE152027
GSE152027_10005839158_R03C02,GSE152027
GSE152027_10005839158_R04C01,GSE152027
GSE152027_10005839164_R01C01,GSE152027
GSE152027_10005839164_R04C01,GSE152027
GSE152027_10005839164_R06C01,GSE152027
GSE152027_10005839172_R02C01,GSE152027
GSE152027_10005839172_R04C01,GSE152027
GSE152027_10005839172_R05C01,GSE152027
GSE152027_10005839173_R03C02,GSE152027
GSE152027_10005839173_R04C01,GSE152027
GSE152027_10006044016_R02C02,GSE152027
GSE152027_10006044016_R04C01,GSE152027
GSE152027_10006044016_R05C01,GSE152027
GSE152027_10006044017_R02C02,GSE152027
GSE152027_10006044017_R05C02,GSE152027
GSE152027_10006044018_R01C02,GSE152027
GSE152027_10006044018_R03C02,GSE152027
GSE152027_10006044018_R04C01,GSE152027
GSE152027_10007688014_R02C01,GSE152027
GSE152027_10007688014_R03C02,GSE152027
GSE152027_10007688014_R06C01,GSE152027
GSE152027_10008538014_R03C02,GSE152027
GSE152027_10008538014_R04C02,GSE152027
GSE152027_10008538014_R05C02,GSE152027
GSE152027_3998998025_R02C02,GSE152027
GSE152027_3998998025_R06C02,GSE152027
GSE152027_3998998026_R02C01,GSE152027
GSE152027_3998998026_R03C02,GSE152027
GSE152027_3998998026_R06C01,GSE152027
GSE152027_3998998049_R04C01,GSE152027
GSE152027_3998998049_R04C02,GSE152027
GSE152027_3998998075_R05C02,GSE152027
GSE152027_3998998075_R06C01,GSE152027
GSE152027_3998998088_R02C02,GSE152027
GSE152027_3998998088_R04C01,GSE152027
GSE152027_3998998088_R06C02,GSE152027
GSE152027_3998998092_R05C01,GSE152027
GSE152027_3998998093_R04C02,GSE152027
GSE152027_3998998114_R02C02,GSE152027
GSE152027_3998998114_R06C01,GSE152027
GSE152027_3998998134_R03C01,GSE152027
GSE152027_3998998134_R05C01,GSE152027
GSE152027_3998998134_R05C02,GSE152027
GSE152027_3998998136_R05C02,GSE152027
GSE152027_3998998136_R06C02,GSE152027
GSE152027_3998998139_R01C01,GSE152027
GSE152027_3998998139_R01C02,GSE152027
GSE152027_3998998153_R02C01,GSE152027
GSE152027_3998998153_R02C02,GSE152027
GSE152027_3998998154_R04C02,GSE152027
GSE152027_3998998154_R06C02,GSE152027
GSE152027_3999002008_R02C02,GSE152027
GSE152027_3999002008_R03C01,GSE152027
GSE152027_3999002008_R04C01,GSE152027
GSE152027_3999002021_R01C02,GSE152027
GSE152027_3999002021_R02C02,GSE152027
GSE152027_3999002021_R04C02,GSE152027
GSE152027_3999002034_R02C01,GSE152027
GSE152027_3999002034_R02C02,GSE152027
GSE152027_3999002034_R06C01,GSE152027
GSE152027_3999002075_R03C02,GSE152027
GSE152027_3999002075_R04C01,GSE152027
GSE152027_3999002095_R04C01,GSE152027
GSE152027_3999002095_R04C02,GSE152027
GSE152027_3999002095_R06C01,GSE152027
GSE152027_3999002103_R04C02,GSE152027
GSE152027_3999002103_R06C01,GSE152027
GSE152027_3999078027_R01C02,GSE152027
GSE152027_3999078027_R02C01,GSE152027
GSE152027_3999078027_R06C02,GSE152027
GSE152027_3999078032_R03C01,GSE152027
GSE152027_3999078032_R05C02,GSE152027
GSE152027_3999078032_R06C01,GSE152027
GSE152027_3999078067_R01C01,GSE152027
GSE152027_3999078067_R02C02,GSE152027
GSE152027_3999078069_R01C02,GSE152027
GSE152027_3999078069_R03C02,GSE152027
GSE152027_3999078069_R05C02,GSE152027
GSE152027_3999078076_R01C02,GSE152027
GSE152027_3999078076_R06C01,GSE152027
GSE152027_3999078076_R06C02,GSE152027
GSE152027_3999078077_R01C01,GSE152027
GSE152027_3999078077_R03C01,GSE152027
GSE152027_3999078077_R03C02,GSE152027
GSE152027_3999078078_R06C01,GSE152027
GSE152027_3999078078_R06C02,GSE152027
GSE152027_3999078083_R01C01,GSE152027
GSE152027_3999078083_R04C01,GSE152027
GSE152027_3999078083_R05C02,GSE152027
GSE152027_3999078092_R01C01,GSE152027
GSE152027_3999078092_R03C01,GSE152027
GSE152027_3999078092_R05C01,GSE152027
GSE152027_3999078168_R06C02,GSE152027
GSE152027_3999095130_R02C01,GSE152027
GSE152027_3999095130_R04C01,GSE152027
GSE152027_3999095130_R06C01,GSE152027
GSE152027_3999095132_R05C01,GSE152027
GSE152027_3999095132_R05C02,GSE152027
GSE152027_3999095133_R01C01,GSE152027
GSE152027_3999095133_R02C02,GSE152027
GSE152027_3999095133_R05C01,GSE152027
GSE152027_3999095146_R01C01,GSE152027
GSE152027_3999095146_R01C02,GSE152027
GSE152027_3999095146_R05C02,GSE152027
GSE152027_3999095152_R04C01,GSE152027
GSE152027_3999095152_R05C01,GSE152027
GSE152027_3999095152_R05C02,GSE152027
GSE152027_3999095155_R01C02,GSE152027
GSE152027_3999095155_R04C01,GSE152027
GSE152027_3999095156_R02C01,GSE152027
GSE152027_3999095156_R03C02,GSE152027
GSE152027_3999095156_R05C01,GSE152027
GSE152027_3999095162_R02C01,GSE152027
GSE152027_3999095162_R05C01,GSE152027
GSE152027_3999095162_R05C02,GSE152027
GSE152027_3999543001_R03C02,GSE152027
GSE152027_3999543001_R04C02,GSE152027
GSE152027_3999543001_R06C01,GSE152027
GSE152027_3999543002_R03C01,GSE152027
GSE152027_3999543002_R04C01,GSE152027
GSE152027_3999543002_R05C01,GSE152027
GSE152027_3999543003_R01C02,GSE152027
GSE152027_3999543003_R04C01,GSE152027
GSE152027_3999543003_R06C02,GSE152027
GSE152027_3999547091_R01C01,GSE152027
GSE152027_3999547091_R02C01,GSE152027
GSE152027_3999547091_R05C01,GSE152027
GSE152027_3999547121_R04C01,GSE152027
GSE152027_3999547121_R05C01,GSE152027
GSE152027_3999547121_R06C01,GSE152027
GSE152027_3999547154_R01C01,GSE152027
GSE152027_3999547154_R05C02,GSE152027
GSE152027_3999547156_R04C02,GSE152027
GSE152027_3999547156_R05C02,GSE152027
GSE152027_3999547156_R06C01,GSE152027
GSE152027_3999547161_R01C02,GSE152027
GSE152027_3999547161_R05C01,GSE152027
